rank,Youtuber,subscribers,video views,Title,uploads,Country,Abbreviation,channel_type,video_views_rank,country_rank,channel_type_rank,video_views_for_the_last_30_days,lowest_monthly_earnings,highest_monthly_earnings,lowest_yearly_earnings,highest_yearly_earnings,subscribers_for_last_30_days,created_year,created_month,created_date,Gross tertiary education enrollment (%),Population,Unemployment rate,Urban_population,Latitude,Longitude,created_year_date,years_since_creation,category_Autos & Vehicles,category_Comedy,category_Education,category_Entertainment,category_Film & Animation,category_Gaming,category_Howto & Style,category_Movies,category_Music,category_News & Politics,category_People & Blogs,category_Pets & Animals,category_Science & Technology,category_Shows,category_Sports
80,XXXTENTACION,39200000,10507474316.0,XXXTENTACION,133,United States,US,Music,403.0,24.0,29.0,58362000.0,14600.0,233400.0,175100.0,2800000.0,100000.0,2015,Jun,23.0,88.2,328239523.0,14.7,270663028.0,37.09024,-95.712891,2015-01-01,10.272416153319645,0,0,0,0,0,0,0,0,1,0,0,0,0,0,0
91,Daddy Yankee,38000000,22731415608.0,Daddy Yankee,505,United States,US,Music,92.0,27.0,33.0,205594000.0,51400.0,822400.0,616800.0,9900000.0,100000.0,2011,May,16.0,88.2,328239523.0,14.7,270663028.0,37.09024,-95.712891,2011-01-01,14.272416153319645,0,0,0,0,0,0,0,0,1,0,0,0,0,0,0
95,Jkk Entertainment,37200000,16402066717.0,Jkk Entertainment,220,India,IN,Comedy,178.0,24.0,3.0,49861000.0,12500.0,199400.0,149600.0,2400000.0,100000.0,2017,Mar,20.0,28.1,1366417754.0,5.36,471031528.0,20.593684,78.96288,2017-01-01,8.271047227926077,0,1,0,0,0,0,0,0,0,0,0,0,0,0,0
98,Bruno Mars,36700000,19378155425.0,Bruno Mars,99,United States,US,Music,134.0,30.0,34.0,175243000.0,43800.0,701000.0,525700.0,8400000.0,200000.0,2006,Sep,19.0,88.2,328239523.0,14.7,270663028.0,37.09024,-95.712891,2006-01-01,19.27173169062286,0,0,0,0,0,0,0,0,1,0,0,0,0,0,0
102,YouTube,36300000,3010784935.0,YouTube,744,United States,US,Entertainment,2860.0,32.0,5.0,21103000.0,5300.0,84400.0,63300.0,1000000.0,300000.0,1970,Jan,1.0,88.2,328239523.0,14.7,270663028.0,37.09024,-95.712891,1970-01-01,55.27173169062286,0,0,0,0,0,0,0,0,0,1,0,0,0,0,0
111,Markiplier,35200000,20297931219.0,Markiplier,5490,United States,US,Games,119.0,34.0,8.0,127329000.0,31800.0,509300.0,382000.0,6100000.0,100000.0,2012,May,26.0,88.2,328239523.0,14.7,270663028.0,37.09024,-95.712891,2012-01-01,13.273100616016427,0,0,0,0,0,1,0,0,0,0,0,0,0,0,0
116,Geet MP3,34300000,12746535822.0,Geet MP3,679,India,IN,Music,299.0,31.0,41.0,101357000.0,25300.0,405400.0,304100.0,4900000.0,100000.0,2016,Oct,22.0,28.1,1366417754.0,5.36,471031528.0,20.593684,78.96288,2016-01-01,9.273100616016427,0,0,0,0,0,0,0,0,1,0,0,0,0,0,0
117,J Balvin,34100000,23005313609.0,J Balvin,141,Colombia,CO,Music,89.0,2.0,42.0,128696000.0,32200.0,514800.0,386100.0,6200000.0,100000.0,2011,Feb,18.0,55.3,50339443.0,9.71,40827302.0,4.570868,-74.297333,2011-01-01,14.272416153319645,0,0,0,0,0,0,0,0,1,0,0,0,0,0,0
122,SSSniperWolf,33700000,23492684419.0,SSSniperWolf,3366,United States,US,Entertainment,83.0,37.0,35.0,210955000.0,52700.0,843800.0,632900.0,10100000.0,200000.0,2013,Jan,20.0,88.2,328239523.0,14.7,270663028.0,37.09024,-95.712891,2013-01-01,12.271047227926077,0,0,0,0,0,1,0,0,0,0,0,0,0,0,0
124,Selena Gomez,33600000,13013567335.0,Selena Gomez,188,United States,US,Music,288.0,38.0,43.0,115792000.0,28900.0,463200.0,347400.0,5600000.0,200000.0,2008,Feb,8.0,88.2,328239523.0,14.7,270663028.0,37.09024,-95.712891,2008-01-01,17.27310061601643,0,0,0,0,1,0,0,0,0,0,0,0,0,0,0
127,KHANDESHI MOVIES,33500000,11405809704.0,KHANDESHI MOVIES,217,India,IN,Comedy,357.0,35.0,4.0,24736000.0,6200.0,98900.0,74200.0,1200000.0,100000.0,2013,Nov,11.0,28.1,1366417754.0,5.36,471031528.0,20.593684,78.96288,2013-01-01,12.271047227926077,0,1,0,0,0,0,0,0,0,0,0,0,0,0,0
129,CVS 3D Rhymes & Kids Songs,33400000,20269857567.0,CVS 3D Rhymes & Kids Songs,338,India,IN,Education,120.0,35.0,9.0,136084000.0,34000.0,544300.0,408300.0,6500000.0,200000.0,2008,Aug,26.0,28.1,1366417754.0,5.36,471031528.0,20.593684,78.96288,2008-01-01,17.27310061601643,0,0,1,0,0,0,0,0,0,0,0,0,0,0,0
138,Mr Bean,32100000,10602236110.0,Mr Bean,3091,United Kingdom,GB,Comedy,400.0,4.0,5.0,56534000.0,14100.0,226100.0,169600.0,2700000.0,100000.0,2006,Jan,4.0,60.0,66834405.0,3.85,55908316.0,55.378051,-3.435973,2006-01-01,19.27173169062286,0,0,0,0,0,0,0,0,0,0,0,0,0,1,0
146,DONA ï¿½ï¿½,31700000,21031745531.0,DONA ï¿½ï¿½,166,United States,US,Entertainment,110.0,41.0,42.0,153280000.0,38300.0,613100.0,459800.0,7400000.0,200000.0,2018,Apr,5.0,88.2,328239523.0,14.7,270663028.0,37.09024,-95.712891,2018-01-01,7.271731690622861,0,0,0,1,0,0,0,0,0,0,0,0,0,0,0
147,Dream,31700000,2930015381.0,Dream,116,United States,US,Games,2986.0,41.0,12.0,27022000.0,6800.0,108100.0,81100.0,1300000.0,200000.0,2014,Feb,8.0,88.2,328239523.0,14.7,270663028.0,37.09024,-95.712891,2014-01-01,11.271731690622861,0,0,0,0,0,1,0,0,0,0,0,0,0,0,0
155,ImagineDragons,30700000,16793072362.0,ImagineDragons,92,United States,US,Music,169.0,45.0,50.0,188837000.0,47200.0,755300.0,566500.0,9100000.0,100000.0,2009,Aug,3.0,88.2,328239523.0,14.7,270663028.0,37.09024,-95.712891,2009-01-01,16.27104722792608,0,0,0,0,0,0,0,0,1,0,0,0,0,0,0
157,Round2hell,30700000,3145161634.0,Round2hell,67,India,IN,Entertainment,2687.0,41.0,45.0,31822000.0,8000.0,127300.0,95500.0,1500000.0,300000.0,2016,Oct,20.0,28.1,1366417754.0,5.36,471031528.0,20.593684,78.96288,2016-01-01,9.273100616016427,0,1,0,0,0,0,0,0,0,0,0,0,0,0,0
164,Adele,30200000,14199108016.0,Adele,15,United Kingdom,GB,Music,248.0,6.0,53.0,137099000.0,34300.0,548400.0,411300.0,6600000.0,100000.0,2008,Apr,4.0,60.0,66834405.0,3.85,55908316.0,55.378051,-3.435973,2008-01-01,17.27310061601643,0,0,0,0,0,0,0,0,1,0,0,0,0,0,0
172,ashish chanchlani vines,29800000,4457913639.0,ashish chanchlani vines,151,India,IN,Comedy,1622.0,42.0,8.0,26171000.0,6500.0,104700.0,78500.0,1300000.0,100000.0,2009,Jul,6.0,28.1,1366417754.0,5.36,471031528.0,20.593684,78.96288,2009-01-01,16.27104722792608,0,1,0,0,0,0,0,0,0,0,0,0,0,0,0
180,infobells - Tamil,28900000,17930570614.0,infobells - Tamil,555,India,IN,Education,149.0,44.0,13.0,109828000.0,27500.0,439300.0,329500.0,5300000.0,200000.0,2014,Mar,13.0,28.1,1366417754.0,5.36,471031528.0,20.593684,78.96288,2014-01-01,11.271731690622861,0,0,1,0,0,0,0,0,0,0,0,0,0,0,0
188,Michael Jackson,28200000,14412474625.0,Michael Jackson,15,United States,US,Music,242.0,54.0,59.0,158591000.0,39600.0,634400.0,475800.0,7600000.0,200000.0,2005,Jun,22.0,88.2,328239523.0,14.7,270663028.0,37.09024,-95.712891,2005-01-01,20.27104722792608,0,0,0,0,0,0,0,0,1,0,0,0,0,0,0
193,toycantando,27700000,15777682516.0,toycantando,619,Colombia,CO,Music,197.0,4.0,62.0,173836000.0,43500.0,695300.0,521500.0,8300000.0,200000.0,2009,Jul,7.0,55.3,50339443.0,9.71,40827302.0,4.570868,-74.297333,2009-01-01,16.27104722792608,0,0,0,0,0,0,0,0,1,0,0,0,0,0,0
195,Wiz Khalifa,27500000,13379395501.0,Wiz Khalifa,682,United States,US,Music,275.0,57.0,63.0,90450000.0,22600.0,361800.0,271300.0,4300000.0,100000.0,2008,May,9.0,88.2,328239523.0,14.7,270663028.0,37.09024,-95.712891,2008-01-01,17.27310061601643,0,0,0,0,0,0,0,0,1,0,0,0,0,0,0
199,Nick Jr.,27300000,22440611155.0,Nick Jr.,5438,United States,US,Entertainment,100.0,59.0,51.0,42546000.0,10600.0,170200.0,127600.0,2000000.0,200000.0,2012,Sep,27.0,88.2,328239523.0,14.7,270663028.0,37.09024,-95.712891,2012-01-01,13.273100616016427,0,0,0,0,1,0,0,0,0,0,0,0,0,0,0
200,Crazy XYZ,27300000,7705492350.0,Crazy XYZ,1259,India,IN,Tech,707.0,48.0,2.0,102235000.0,25600.0,408900.0,306700.0,4900000.0,100000.0,2017,Sep,10.0,28.1,1366417754.0,5.36,471031528.0,20.593684,78.96288,2017-01-01,8.271047227926077,0,0,0,1,0,0,0,0,0,0,0,0,0,0,0
204,Brent Rivera,27000000,6570935979.0,Brent Rivera,554,United States,US,Entertainment,909.0,60.0,53.0,144453000.0,36100.0,577800.0,433400.0,6900000.0,300000.0,2009,Aug,1.0,88.2,328239523.0,14.7,270663028.0,37.09024,-95.712891,2009-01-01,16.27104722792608,0,1,0,0,0,0,0,0,0,0,0,0,0,0,0
205,Renato Garcia YT,26900000,7938616641.0,Renato Garcia YT,3956,Brazil,BR,Entertainment,664.0,11.0,54.0,82912000.0,20700.0,331600.0,248700.0,4000000.0,200000.0,2011,Sep,29.0,51.3,212559417.0,12.08,183241641.0,-14.235004,-51.92528,2011-01-01,14.272416153319645,0,0,0,1,0,0,0,0,0,0,0,0,0,0,0
224,David Guetta,25700000,17793809548.0,David Guetta,749,United States,US,Music,153.0,67.0,67.0,164215000.0,41100.0,656900.0,492600.0,7900000.0,100000.0,2009,Dec,11.0,88.2,328239523.0,14.7,270663028.0,37.09024,-95.712891,2009-01-01,16.27104722792608,0,0,0,0,0,0,0,0,1,0,0,0,0,0,0
226,Nicki Minaj,25700000,10242981063.0,Nicki Minaj,42,United States,US,Music,425.0,67.0,67.0,103631000.0,25900.0,414500.0,310900.0,5000000.0,100000.0,2013,Aug,28.0,88.2,328239523.0,14.7,270663028.0,37.09024,-95.712891,2013-01-01,12.271047227926077,0,0,0,0,0,0,0,0,1,0,0,0,0,0,0
230,Post Malone,25500000,14401218086.0,Post Malone,78,United States,US,Music,243.0,69.0,69.0,195499000.0,48900.0,782000.0,586500.0,9400000.0,100000.0,2011,Dec,15.0,88.2,328239523.0,14.7,270663028.0,37.09024,-95.712891,2011-01-01,14.272416153319645,0,0,0,0,0,0,0,0,1,0,0,0,0,0,0
231,Rans Entertainment,25400000,6430853035.0,Rans Entertainment,3716,Indonesia,ID,Entertainment,942.0,6.0,62.0,58487000.0,14600.0,233900.0,175500.0,2800000.0,100000.0,2015,Dec,27.0,36.3,270203917.0,4.69,151509724.0,-0.789275,113.921327,2015-01-01,10.272416153319645,0,0,0,0,0,0,0,0,0,0,1,0,0,0,0
233,Coldplay,25300000,17331663193.0,Coldplay,398,United Kingdom,GB,Music,160.0,8.0,70.0,198875000.0,49700.0,795500.0,596600.0,9500000.0,100000.0,2010,Jan,3.0,60.0,66834405.0,3.85,55908316.0,55.378051,-3.435973,2010-01-01,15.271731690622861,0,0,0,0,0,0,0,0,1,0,0,0,0,0,0
235,WB Kids,25200000,11081602368.0,WB Kids,2025,United States,US,Film,375.0,70.0,16.0,140319000.0,35100.0,561300.0,421000.0,6700000.0,300000.0,2015,Mar,31.0,88.2,328239523.0,14.7,270663028.0,37.09024,-95.712891,2015-01-01,10.272416153319645,0,0,0,0,0,0,0,0,0,0,1,0,0,0,0
247,EminemVEVO,24700000,20531704527.0,EminemVEVO,104,United States,US,Music,115.0,73.0,74.0,139443000.0,34900.0,557800.0,418300.0,6700000.0,100000.0,2009,May,12.0,88.2,328239523.0,14.7,270663028.0,37.09024,-95.712891,2009-01-01,16.27104722792608,0,0,0,0,0,0,0,0,1,0,0,0,0,0,0
249,KatyPerryVEVO,24600000,23755792542.0,KatyPerryVEVO,175,United States,US,Music,82.0,74.0,75.0,88940000.0,22200.0,355800.0,266800.0,4300000.0,100000.0,2009,Dec,13.0,88.2,328239523.0,14.7,270663028.0,37.09024,-95.712891,2009-01-01,16.27104722792608,0,0,0,0,0,0,0,0,1,0,0,0,0,0,0
250,Mark Rober,24600000,3647987299.0,Mark Rober,120,United States,US,Tech,2178.0,74.0,3.0,88625000.0,22200.0,354500.0,265900.0,4300000.0,200000.0,2011,Oct,20.0,88.2,328239523.0,14.7,270663028.0,37.09024,-95.712891,2011-01-01,14.272416153319645,0,0,0,0,0,0,0,0,0,0,0,0,1,0,0
254,Pen Movies,24300000,6608773195.0,Pen Movies,1667,India,IN,Film,903.0,53.0,17.0,94853000.0,23700.0,379400.0,284600.0,4600000.0,300000.0,2014,Mar,25.0,28.1,1366417754.0,5.36,471031528.0,20.593684,78.96288,2014-01-01,11.271731690622861,0,0,0,0,1,0,0,0,0,0,0,0,0,0,0
255,MrBeast en Espaï¿½ï,24200000,2700914170.0,MrBeast en Espaï¿½ï,67,Mexico,MX,Entertainment,3309.0,10.0,70.0,33590000.0,8400.0,134400.0,100800.0,1600000.0,100000.0,2021,Jul,9.0,40.2,126014024.0,3.42,102626859.0,23.634501,-102.552784,2021-01-01,4.271047227926078,0,0,0,1,0,0,0,0,0,0,0,0,0,0,0
266,Preston,24000000,8279004442.0,Preston,4009,United States,US,Entertainment,621.0,78.0,72.0,151697000.0,37900.0,606800.0,455100.0,7300000.0,200000.0,2012,Jul,4.0,88.2,328239523.0,14.7,270663028.0,37.09024,-95.712891,2012-01-01,13.273100616016427,0,0,0,0,0,1,0,0,0,0,0,0,0,0,0
267,James Charles,23900000,4067878931.0,James Charles,505,United States,US,Entertainment,1860.0,79.0,73.0,58126000.0,14500.0,232500.0,174400.0,2800000.0,100000.0,2015,Dec,1.0,88.2,328239523.0,14.7,270663028.0,37.09024,-95.712891,2015-01-01,10.272416153319645,0,0,0,1,0,0,0,0,0,0,0,0,0,0,0
269,Diana and Roma EN,23900000,7213499085.0,Diana and Roma EN,511,United States,US,Entertainment,787.0,79.0,73.0,177769000.0,44400.0,711100.0,533300.0,8500000.0,300000.0,2011,Dec,22.0,88.2,328239523.0,14.7,270663028.0,37.09024,-95.712891,2011-01-01,14.272416153319645,0,0,0,0,0,0,0,0,0,0,1,0,0,0,0
271,Troom Troom,23800000,10414479943.0,Troom Troom,2425,United States,US,Howto,412.0,80.0,8.0,98052000.0,24500.0,392200.0,294200.0,4700000.0,100000.0,2015,Sep,12.0,88.2,328239523.0,14.7,270663028.0,37.09024,-95.712891,2015-01-01,10.272416153319645,0,0,0,0,0,0,1,0,0,0,0,0,0,0,0
272,Enrique Iglesias,23800000,17688774915.0,Enrique Iglesias,443,United States,US,Music,154.0,80.0,77.0,122914000.0,30700.0,491700.0,368700.0,5900000.0,100000.0,2007,Apr,12.0,88.2,328239523.0,14.7,270663028.0,37.09024,-95.712891,2007-01-01,18.272416153319643,0,0,0,0,0,0,0,0,1,0,0,0,0,0,0
278,Juan De Dios Pantoja,23600000,2135644776.0,Juan De Dios Pantoja,226,Mexico,MX,People,4529.0,11.0,10.0,46862000.0,11700.0,187400.0,140600.0,2200000.0,200000.0,2014,Jun,9.0,40.2,126014024.0,3.42,102626859.0,23.634501,-102.552784,2014-01-01,11.271731690622861,0,0,0,1,0,0,0,0,0,0,0,0,0,0,0
281,Peppa Pig Espaï¿½ï¿½ï¿½ï¿½ï¿½ï¿½ï¿½ï¿½ï¿½,23600000,7920637200.0,Peppa Pig Espaï¿½ï¿½ï¿½ï¿½ï¿½ï¿½ï¿½ï¿½ï¿½,1251,United Kingdom,GB,Film,668.0,12.0,19.0,53589000.0,13400.0,214400.0,160800.0,2600000.0,100000.0,2014,Jul,28.0,60.0,66834405.0,3.85,55908316.0,55.378051,-3.435973,2014-01-01,11.271731690622861,0,0,0,0,1,0,0,0,0,0,0,0,0,0,0
286,Sesame Street,23300000,22471357411.0,Sesame Street,3657,United States,US,Entertainment,99.0,83.0,78.0,124187000.0,31000.0,496700.0,372600.0,6000000.0,100000.0,2006,Jan,16.0,88.2,328239523.0,14.7,270663028.0,37.09024,-95.712891,2006-01-01,19.27173169062286,0,0,0,1,0,0,0,0,0,0,0,0,0,0,0
288,Lady Gaga,23200000,15751661213.0,Lady Gaga,172,United States,US,Music,198.0,83.0,79.0,143169000.0,35800.0,572700.0,429500.0,6900000.0,100000.0,2008,May,15.0,88.2,328239523.0,14.7,270663028.0,37.09024,-95.712891,2008-01-01,17.27310061601643,0,0,0,0,0,0,0,0,0,0,1,0,0,0,0
292,TED,23100000,2551113422.0,TED,4445,United States,US,Tech,3568.0,85.0,4.0,13246000.0,3300.0,53000.0,39700.0,635800.0,100000.0,2006,Dec,6.0,88.2,328239523.0,14.7,270663028.0,37.09024,-95.712891,2006-01-01,19.27173169062286,0,0,0,0,0,0,0,0,0,0,1,0,0,0,0
297,DrossRotzank,23000000,6041264489.0,DrossRotzank,1598,Argentina,AR,Entertainment,1040.0,5.0,80.0,35539000.0,8900.0,142200.0,106600.0,1700000.0,100000.0,2006,Mar,9.0,90.0,44938712.0,9.79,41339571.0,-38.416097,-63.616672,2006-01-01,19.27173169062286,0,0,0,1,0,0,0,0,0,0,0,0,0,0,0
299,Ultra Movie Parlour,22900000,5320485069.0,Ultra Movie Parlour,1670,India,IN,Film,1248.0,61.0,22.0,118846000.0,0.0,0.0,0.0,0.0,300000.0,2011,May,17.0,28.1,1366417754.0,5.36,471031528.0,20.593684,78.96288,2011-01-01,14.272416153319645,0,0,0,0,0,0,0,1,0,0,0,0,0,0,0
301,toyorbabytv,22900000,16298342829.0,toyorbabytv,1159,Jordan,JO,Music,181.0,2.0,83.0,169056000.0,42300.0,676200.0,507200.0,8100000.0,300000.0,2012,Nov,1.0,34.4,10101694.0,14.72,9213048.0,30.585164,36.238414,2012-01-01,13.273100616016427,0,0,0,0,0,0,0,0,1,0,0,0,0,0,0
302,BabyBus - Canciones Infantiles & Videos para Niï¿½ï,22900000,13206471140.0,BabyBus - Canciones Infantiles & Videos paraï¿½,1251,Mexico,MX,Education,278.0,12.0,17.0,136821000.0,34200.0,547300.0,410500.0,6600000.0,200000.0,2018,Mar,19.0,40.2,126014024.0,3.42,102626859.0,23.634501,-102.552784,2018-01-01,7.271731690622861,0,0,1,0,0,0,0,0,0,0,0,0,0,0,0
304,Vania Mania Kids,22700000,10115316784.0,Vania Mania Kids,985,United States,US,Education,438.0,87.0,18.0,155215000.0,38800.0,620900.0,465600.0,7500000.0,300000.0,2015,Sep,9.0,88.2,328239523.0,14.7,270663028.0,37.09024,-95.712891,2015-01-01,10.272416153319645,0,0,0,0,0,0,0,0,0,0,1,0,0,0,0
308,The Chainsmokers,22600000,14231943358.0,The Chainsmokers,180,United States,US,Music,246.0,88.0,84.0,81660000.0,20400.0,326600.0,245000.0,3900000.0,100000.0,2012,Sep,22.0,88.2,328239523.0,14.7,270663028.0,37.09024,-95.712891,2012-01-01,13.273100616016427,0,0,0,0,0,0,0,0,1,0,0,0,0,0,0
309,mmoshaya,22600000,17507060680.0,mmoshaya,1189,Saudi Arabia,SA,Entertainment,156.0,1.0,83.0,73829000.0,18500.0,295300.0,221500.0,3500000.0,100000.0,2010,Dec,11.0,68.0,34268528.0,5.93,28807838.0,23.885942,45.079162,2010-01-01,15.271731690622861,0,0,0,0,0,0,0,0,0,0,1,0,0,0,0
312,Goldmines Cineplex,22500000,2431154438.0,Goldmines Cineplex,3377,India,IN,Film,3793.0,64.0,23.0,48740000.0,12200.0,195000.0,146200.0,2300000.0,200000.0,2015,Sep,12.0,28.1,1366417754.0,5.36,471031528.0,20.593684,78.96288,2015-01-01,10.272416153319645,0,0,0,0,1,0,0,0,0,0,0,0,0,0,0
314,SSundee,22500000,13835173331.0,SSundee,3315,United States,US,Games,261.0,90.0,21.0,175094000.0,43800.0,700400.0,525300.0,8400000.0,200000.0,2009,Nov,28.0,88.2,328239523.0,14.7,270663028.0,37.09024,-95.712891,2009-01-01,16.27104722792608,0,0,0,0,0,1,0,0,0,0,0,0,0,0,0
318,Kinder Spielzeug Kanal (Kidibli),22200000,11136266461.0,Kinder Spielzeug Kanal (Kidibli),999,United States,US,Entertainment,370.0,92.0,86.0,139333000.0,34800.0,557300.0,418000.0,6700000.0,200000.0,2015,Sep,25.0,88.2,328239523.0,14.7,270663028.0,37.09024,-95.712891,2015-01-01,10.272416153319645,0,0,0,1,0,0,0,0,0,0,0,0,0,0,0
319,Charlie Puth,22000000,9924807127.0,Charlie Puth,157,United States,US,Music,449.0,94.0,86.0,111500000.0,27900.0,446000.0,334500.0,5400000.0,100000.0,2009,Sep,9.0,88.2,328239523.0,14.7,270663028.0,37.09024,-95.712891,2009-01-01,16.27104722792608,0,0,0,0,0,0,0,0,1,0,0,0,0,0,0
328,Dua Lipa,21800000,11288359365.0,Dua Lipa,164,United Kingdom,GB,Music,368.0,14.0,87.0,128047000.0,32000.0,512200.0,384100.0,6100000.0,100000.0,2011,Feb,5.0,60.0,66834405.0,3.85,55908316.0,55.378051,-3.435973,2011-01-01,14.272416153319645,0,0,0,0,0,0,0,0,1,0,0,0,0,0,0
334,DUDU e CAROL,21600000,9597894786.0,DUDU e CAROL,2942,Brazil,BR,Entertainment,481.0,15.0,90.0,193174000.0,48300.0,772700.0,579500.0,9300000.0,300000.0,2013,Mar,2.0,51.3,212559417.0,12.08,183241641.0,-14.235004,-51.92528,2013-01-01,12.271047227926077,1,0,0,0,0,0,0,0,0,0,0,0,0,0,0
337,Tekashi 6ix9ine,21500000,5890180734.0,Tekashi 6ix9ine,51,United States,US,Music,1081.0,96.0,88.0,113542000.0,28400.0,454200.0,340600.0,5400000.0,200000.0,2018,Apr,6.0,88.2,328239523.0,14.7,270663028.0,37.09024,-95.712891,2018-01-01,7.271731690622861,0,0,0,0,0,0,0,0,0,0,1,0,0,0,0
343,The Royalty Family,21300000,6269945014.0,The Royalty Family,733,United States,US,People,982.0,98.0,15.0,160227000.0,40100.0,640900.0,480700.0,7700000.0,200000.0,2017,Apr,13.0,88.2,328239523.0,14.7,270663028.0,37.09024,-95.712891,2017-01-01,8.271047227926077,0,0,0,0,0,0,0,0,0,0,1,0,0,0,0
344,Becky G,21300000,10644857969.0,Becky G,78,United States,US,Music,396.0,98.0,90.0,103171000.0,25800.0,412700.0,309500.0,5000000.0,100000.0,2011,Sep,6.0,88.2,328239523.0,14.7,270663028.0,37.09024,-95.712891,2011-01-01,14.272416153319645,0,0,0,0,0,0,0,0,1,0,0,0,0,0,0
346,Infinite,21300000,5141834668.0,Infinite,1608,United States,US,Entertainment,1296.0,98.0,93.0,68350000.0,17100.0,273400.0,205100.0,3300000.0,200000.0,2014,Aug,21.0,88.2,328239523.0,14.7,270663028.0,37.09024,-95.712891,2014-01-01,11.271731690622861,0,0,0,1,0,0,0,0,0,0,0,0,0,0,0
352,Baim Paula,21100000,4526271677.0,Baim Paula,2325,Indonesia,ID,Entertainment,1583.0,8.0,94.0,26974000.0,6700.0,107900.0,80900.0,1300000.0,100000.0,2016,Jun,4.0,36.3,270203917.0,4.69,151509724.0,-0.789275,113.921327,2016-01-01,9.273100616016427,0,0,0,0,0,0,0,0,0,0,1,0,0,0,0
355,Lyrical Lemonade,21000000,10631638628.0,Lyrical Lemonade,420,United States,US,Entertainment,398.0,100.0,95.0,80062000.0,20000.0,320200.0,240200.0,3800000.0,100000.0,2013,Mar,25.0,88.2,328239523.0,14.7,270663028.0,37.09024,-95.712891,2013-01-01,12.271047227926077,0,0,0,1,0,0,0,0,0,0,0,0,0,0,0
357,Dr. Vivek Bindra: Motivational Speaker,20900000,1693149479.0,Dr. Vivek Bindra: Motivational Speaker,896,India,IN,Education,6082.0,69.0,20.0,28588000.0,7100.0,114400.0,85800.0,1400000.0,100000.0,2013,Dec,6.0,28.1,1366417754.0,5.36,471031528.0,20.593684,78.96288,2013-01-01,12.271047227926077,0,0,1,0,0,0,0,0,0,0,0,0,0,0,0
359,Brave Wilderness,20900000,4927879069.0,Brave Wilderness,982,United States,US,Animals,1396.0,100.0,2.0,2989000.0,0.0,0.0,0.0,0.0,100000.0,2014,Sep,8.0,88.2,328239523.0,14.7,270663028.0,37.09024,-95.712891,2014-01-01,11.271731690622861,0,0,0,0,0,0,0,0,0,0,0,1,0,0,0
364,Kurzgesagt ï¿½ï¿½ï¿½ï¿½ï¿½ï¿,20800000,2378448129.0,Kurzgesagt ï¿½ï¿½ï¿½ï¿½ï¿½ï¿,193,Germany,DE,Education,3914.0,2.0,21.0,29269000.0,7300.0,117100.0,87800.0,1400000.0,100000.0,2013,Jul,9.0,70.2,83132799.0,3.04,64324835.0,51.165691,10.451526,2013-01-01,12.271047227926077,0,0,1,0,0,0,0,0,0,0,0,0,0,0,0
371,Bizarrap,20600000,7657171980.0,Bizarrap,83,Argentina,AR,Entertainment,711.0,8.0,98.0,193176000.0,48300.0,772700.0,579500.0,9300000.0,200000.0,2017,Jan,15.0,90.0,44938712.0,9.79,41339571.0,-38.416097,-63.616672,2017-01-01,8.271047227926077,0,1,0,0,0,0,0,0,0,0,0,0,0,0,0
375,Ninja Kidz TV,20500000,11009148579.0,Ninja Kidz TV,296,United States,US,Entertainment,377.0,104.0,99.0,195203000.0,48800.0,780800.0,585600.0,9400000.0,100000.0,2017,Feb,9.0,88.2,328239523.0,14.7,270663028.0,37.09024,-95.712891,2017-01-01,8.271047227926077,0,0,0,1,0,0,0,0,0,0,0,0,0,0,0
376,Totoy kids - Portuguï¿½,20400000,1796227417.0,Totoy kids - Portuguï¿½,206,Brazil,BR,Film,5673.0,19.0,24.0,39495000.0,9900.0,158000.0,118500.0,1900000.0,100000.0,2014,Dec,2.0,51.3,212559417.0,12.08,183241641.0,-14.235004,-51.92528,2014-01-01,11.271731690622861,0,0,0,0,1,0,0,0,0,0,0,0,0,0,0
377,Jake Paul,20400000,7311322368.0,Jake Paul,1006,United States,US,People,778.0,105.0,19.0,14646000.0,3700.0,58600.0,43900.0,703000.0,100000.0,2013,Sep,19.0,88.2,328239523.0,14.7,270663028.0,37.09024,-95.712891,2013-01-01,12.271047227926077,0,0,0,0,0,0,0,0,0,0,1,0,0,0,0
381,Emiway Bantai,20400000,3579555124.0,Emiway Bantai,239,India,IN,Music,2236.0,70.0,94.0,41289000.0,10300.0,165200.0,123900.0,2000000.0,100000.0,2013,May,3.0,28.1,1366417754.0,5.36,471031528.0,20.593684,78.96288,2013-01-01,12.271047227926077,0,0,0,0,0,0,0,0,1,0,0,0,0,0,0
382,Got Talent Global,20300000,2441288701.0,Got Talent Global,1245,United Kingdom,GB,Entertainment,3750.0,15.0,101.0,86457000.0,21600.0,345800.0,259400.0,4100000.0,100000.0,2013,Jan,31.0,60.0,66834405.0,3.85,55908316.0,55.378051,-3.435973,2013-01-01,12.271047227926077,0,0,0,1,0,0,0,0,0,0,0,0,0,0,0
384,BabyBus - Cerita & Lagu Anak-anak,20300000,11819051552.0,BabyBus - Cerita & Lagu Anak-anak,875,Indonesia,ID,Education,332.0,10.0,22.0,112768000.0,28200.0,451100.0,338300.0,5400000.0,100000.0,2019,Jan,14.0,36.3,270203917.0,4.69,151509724.0,-0.789275,113.921327,2019-01-01,6.272416153319644,0,0,1,0,0,0,0,0,0,0,0,0,0,0,0
386,Noor Stars,20200000,2764127969.0,Noor Stars,693,United Arab Emirates,AE,Entertainment,3238.0,5.0,102.0,15556000.0,3900.0,62200.0,46700.0,746700.0,100000.0,2014,Apr,24.0,36.8,9770529.0,2.35,8479744.0,23.424076,53.847818,2014-01-01,11.271731690622861,0,1,0,0,0,0,0,0,0,0,0,0,0,0,0
388,Kiddiestv Hindi - Nursery Rhymes & Kids Songs,20200000,7274150246.0,Kiddiestv Hindi - Nursery Rhymes & Kids Songs,226,India,IN,Education,780.0,71.0,23.0,113420000.0,28400.0,453700.0,340300.0,5400000.0,300000.0,2017,May,25.0,28.1,1366417754.0,5.36,471031528.0,20.593684,78.96288,2017-01-01,8.271047227926077,0,0,1,0,0,0,0,0,0,0,0,0,0,0,0
391,MiawAug,20200000,6098644584.0,MiawAug,3713,Indonesia,ID,Games,1023.0,11.0,27.0,64489000.0,16100.0,258000.0,193500.0,3100000.0,200000.0,2014,Mar,15.0,36.3,270203917.0,4.69,151509724.0,-0.789275,113.921327,2014-01-01,11.271731690622861,0,0,0,0,0,1,0,0,0,0,0,0,0,0,0
392,CookieSwirlC,20100000,23353115850.0,CookieSwirlC,3774,United States,US,Games,86.0,108.0,28.0,221702000.0,55400.0,886800.0,665100.0,10600000.0,200000.0,2013,Nov,3.0,88.2,328239523.0,14.7,270663028.0,37.09024,-95.712891,2013-01-01,12.271047227926077,0,0,0,1,0,0,0,0,0,0,0,0,0,0,0
396,Pencilmation,20100000,11317309935.0,Pencilmation,1481,United States,US,Entertainment,366.0,109.0,104.0,14862000.0,3700.0,59400.0,44600.0,713400.0,100000.0,2007,Feb,1.0,88.2,328239523.0,14.7,270663028.0,37.09024,-95.712891,2007-01-01,18.272416153319643,0,0,0,0,1,0,0,0,0,0,0,0,0,0,0
398,5-Minute Crafts PLAY,20100000,6119294270.0,5-Minute Crafts PLAY,5491,United States,US,Howto,1014.0,108.0,12.0,105784000.0,26400.0,423100.0,317400.0,5100000.0,100000.0,2017,Oct,30.0,88.2,328239523.0,14.7,270663028.0,37.09024,-95.712891,2017-01-01,8.271047227926077,0,0,0,0,0,0,1,0,0,0,0,0,0,0,0
403,Gordon Ramsay,20000000,3875172235.0,Gordon Ramsay,1527,United Kingdom,GB,Entertainment,2001.0,16.0,104.0,39228000.0,9800.0,156900.0,117700.0,1900000.0,200000.0,2006,Apr,29.0,60.0,66834405.0,3.85,55908316.0,55.378051,-3.435973,2006-01-01,19.27173169062286,0,0,0,1,0,0,0,0,0,0,0,0,0,0,0
405,Green Gold TV - Official Channel,20000000,9715291883.0,Green Gold TV - Official Channel,1476,India,IN,Entertainment,473.0,72.0,104.0,70278000.0,0.0,0.0,0.0,0.0,100000.0,2011,Jul,1.0,28.1,1366417754.0,5.36,471031528.0,20.593684,78.96288,2011-01-01,14.272416153319645,0,0,0,0,1,0,0,0,0,0,0,0,0,0,0
406,Gusttavo Lima Oficial,19900000,13917423958.0,Gusttavo Lima Oficial,416,Brazil,BR,Music,258.0,21.0,97.0,214803000.0,53700.0,859200.0,644400.0,10300000.0,100000.0,2010,Nov,9.0,51.3,212559417.0,12.08,183241641.0,-14.235004,-51.92528,2010-01-01,15.271731690622861,0,0,0,0,0,0,0,0,1,0,0,0,0,0,0
408,Crafty Panda,19800000,5759442450.0,Crafty Panda,760,United States,US,Entertainment,1120.0,111.0,105.0,6137000.0,1500.0,24500.0,18400.0,294600.0,100000.0,2017,Dec,3.0,88.2,328239523.0,14.7,270663028.0,37.09024,-95.712891,2017-01-01,8.271047227926077,0,0,0,0,0,0,0,0,0,0,1,0,0,0,0
413,Britain's Got Talent,19700000,11323617496.0,Britain's Got Talent,4225,United Kingdom,GB,Entertainment,364.0,17.0,106.0,54192000.0,13500.0,216800.0,162600.0,2600000.0,100000.0,2008,Apr,12.0,60.0,66834405.0,3.85,55908316.0,55.378051,-3.435973,2008-01-01,17.27310061601643,0,0,0,1,0,0,0,0,0,0,0,0,0,0,0
417,tabii Urdu,19600000,8779729549.0,tabii Urdu,1306,Turkey,TR,Entertainment,562.0,3.0,107.0,110806000.0,27700.0,443200.0,332400.0,5300000.0,100000.0,2020,Apr,17.0,23.9,83429615.0,13.49,63097818.0,38.963745,35.243322,2020-01-01,5.2731006160164275,0,0,0,1,0,0,0,0,0,0,0,0,0,0,0
420,RKD Studios,19500000,5234251168.0,RKD Studios,847,India,IN,Entertainment,1265.0,74.0,108.0,59841000.0,0.0,0.0,0.0,0.0,300000.0,2014,Mar,14.0,28.1,1366417754.0,5.36,471031528.0,20.593684,78.96288,2014-01-01,11.271731690622861,0,0,0,1,0,0,0,0,0,0,0,0,0,0,0
421,DLS News,19400000,2255542592.0,DLS News,4750,India,IN,News,4178.0,74.0,8.0,32111000.0,8000.0,128400.0,96300.0,1500000.0,100000.0,2017,Jul,5.0,28.1,1366417754.0,5.36,471031528.0,20.593684,78.96288,2017-01-01,8.271047227926077,0,0,0,0,0,0,0,0,0,1,0,0,0,0,0
422,JukiLop,19400000,1577859332.0,JukiLop,85,Mexico,MX,People,6674.0,14.0,22.0,2382000.0,595.0,9500.0,7100.0,114300.0,100000.0,2017,Sep,15.0,40.2,126014024.0,3.42,102626859.0,23.634501,-102.552784,2017-01-01,8.271047227926077,0,0,0,0,0,0,0,0,0,0,1,0,0,0,0
434,ýýýýýýýýýýýýýý ýýýý,19000000,4924054368.0,ýýýýýýýýýýýýýý ýýýý,60,United States,US,Entertainment,1399.0,116.0,111.0,21587000.0,5400.0,86300.0,64800.0,1000000.0,100000.0,2018,Feb,20.0,88.2,328239523.0,14.7,270663028.0,37.09024,-95.712891,2018-01-01,7.271731690622861,0,0,1,0,0,0,0,0,0,0,0,0,0,0,0
435,SUPER SLICK SLIME SAM,19000000,7229175322.0,SUPER SLICK SLIME SAM,903,Mexico,MX,Howto,786.0,15.0,111.0,123338000.0,30800.0,493400.0,370000.0,5900000.0,200000.0,2018,Jan,23.0,40.2,126014024.0,3.42,102626859.0,23.634501,-102.552784,2018-01-01,7.271731690622861,0,0,0,0,0,0,1,0,0,0,0,0,0,0,0
436,Wow Kidz Action,19000000,8281724393.0,Wow Kidz Action,1525,India,IN,Entertainment,618.0,78.0,111.0,105706000.0,26400.0,422800.0,317100.0,5100000.0,200000.0,2017,Nov,8.0,28.1,1366417754.0,5.36,471031528.0,20.593684,78.96288,2017-01-01,8.271047227926077,0,0,0,0,1,0,0,0,0,0,0,0,0,0,0
437,Turma da Mï¿½ï¿½,19000000,13824277846.0,Turma da Mï¿½ï¿½,1154,Brazil,BR,Film,260.0,22.0,27.0,76903000.0,19200.0,307600.0,230700.0,3700000.0,100000.0,2012,Jul,30.0,51.3,212559417.0,12.08,183241641.0,-14.235004,-51.92528,2012-01-01,13.273100616016427,0,0,0,0,1,0,0,0,0,0,0,0,0,0,0
438,Calvin Harris,19000000,16014044618.0,Calvin Harris,79,United Kingdom,GB,Music,191.0,18.0,99.0,102410000.0,25600.0,409600.0,307200.0,4900000.0,100000.0,2007,Feb,11.0,60.0,66834405.0,3.85,55908316.0,55.378051,-3.435973,2007-01-01,18.272416153319643,0,0,0,0,0,0,0,0,1,0,0,0,0,0,0
443,TED-Ed,18800000,3654621568.0,TED-Ed,2072,United States,US,Education,2163.0,117.0,25.0,29874000.0,7500.0,119500.0,89600.0,1400000.0,100000.0,2011,Mar,1.0,88.2,328239523.0,14.7,270663028.0,37.09024,-95.712891,2011-01-01,14.272416153319645,0,0,1,0,0,0,0,0,0,0,0,0,0,0,0
444,Sidemen,18800000,5257834105.0,Sidemen,312,United Kingdom,GB,Entertainment,1263.0,19.0,113.0,78158000.0,19500.0,312600.0,234500.0,3800000.0,100000.0,2015,Jun,14.0,60.0,66834405.0,3.85,55908316.0,55.378051,-3.435973,2015-01-01,10.272416153319645,0,0,0,1,0,0,0,0,0,0,0,0,0,0,0
447,Farruko,18800000,9573641299.0,Farruko,217,United States,US,Music,485.0,117.0,100.0,97758000.0,24400.0,391000.0,293300.0,4700000.0,100000.0,2009,Oct,30.0,88.2,328239523.0,14.7,270663028.0,37.09024,-95.712891,2009-01-01,16.27104722792608,0,0,0,0,0,0,0,0,1,0,0,0,0,0,0
448,ýýýýýýýýýýýýýýýýýýýýýý,18800000,9594188708.0,ýýýýýýýýýýýýýýýýýýýýýý,530,Ukraine,UA,Entertainment,483.0,2.0,113.0,68006000.0,17000.0,272000.0,204000.0,3300000.0,100000.0,2014,Oct,20.0,82.7,44385155.0,8.88,30835699.0,48.379433,31.16558,2014-01-01,11.271731690622861,0,0,0,1,0,0,0,0,0,0,0,0,0,0,0
452,Shemaroo Comedy,18600000,6047584292.0,Shemaroo Comedy,4487,India,IN,Comedy,1033.0,81.0,24.0,102431000.0,25600.0,409700.0,307300.0,4900000.0,200000.0,2007,Jan,31.0,28.1,1366417754.0,5.36,471031528.0,20.593684,78.96288,2007-01-01,18.272416153319643,0,0,0,1,0,0,0,0,0,0,0,0,0,0,0
457,Marmok,18500000,3457618361.0,Marmok,374,Russia,RU,Games,2356.0,5.0,32.0,38282000.0,9600.0,153100.0,114800.0,1800000.0,100000.0,2008,Apr,27.0,81.9,144373535.0,4.59,107683889.0,61.52401,105.318756,2008-01-01,17.27310061601643,0,0,0,0,0,1,0,0,0,0,0,0,0,0,0
459,Like Nastya Vlog,18500000,8147575884.0,Like Nastya Vlog,493,Russia,RU,People,630.0,5.0,25.0,48947000.0,12200.0,195800.0,146800.0,2300000.0,100000.0,2016,Jan,14.0,81.9,144373535.0,4.59,107683889.0,61.52401,105.318756,2016-01-01,9.273100616016427,0,0,0,0,0,0,0,0,0,0,1,0,0,0,0
463,RsiamMusic : ï¿½ï¿½ï¿½ï¿½ï¿½ï¿½ï¿½ï¿½,18400000,11544297793.0,RsiamMusic : ï¿½ï¿½ï¿½ï¿½ï¿½ï¿½ï¿½ï¿½,3159,Thailand,TH,Music,346.0,6.0,103.0,54133000.0,13500.0,216500.0,162400.0,2600000.0,100000.0,2011,Mar,8.0,49.3,69625582.0,0.75,35294600.0,15.870032,100.992541,2011-01-01,14.272416153319645,0,0,0,0,0,0,0,0,1,0,0,0,0,0,0
467,Miley Cyrus,18300000,7760819588.0,Miley Cyrus,142,United States,US,Entertainment,696.0,121.0,117.0,127982000.0,32000.0,511900.0,383900.0,6100000.0,100000.0,2009,Sep,15.0,88.2,328239523.0,14.7,270663028.0,37.09024,-95.712891,2009-01-01,16.27104722792608,0,0,0,1,0,0,0,0,0,0,0,0,0,0,0
474,SQUEEZIE,18100000,9983065083.0,SQUEEZIE,1521,France,FR,Entertainment,443.0,1.0,119.0,48099000.0,12000.0,192400.0,144300.0,2300000.0,100000.0,2011,Jan,9.0,65.6,67059887.0,8.43,54123364.0,46.227638,2.213749,2011-01-01,14.272416153319645,0,0,0,0,0,1,0,0,0,0,0,0,0,0,0
475,Blippi - Educational Videos for Kids,18100000,14857290259.0,Blippi - Educational Videos for Kids,707,United States,US,Education,224.0,123.0,26.0,180412000.0,45100.0,721600.0,541200.0,8700000.0,300000.0,2014,Jan,27.0,88.2,328239523.0,14.7,270663028.0,37.09024,-95.712891,2014-01-01,11.271731690622861,0,0,1,0,0,0,0,0,0,0,0,0,0,0,0
478,Manual do Mundo,18000000,3980991248.0,Manual do Mundo,2470,Brazil,BR,Tech,1922.0,26.0,8.0,54766000.0,13700.0,219100.0,164300.0,2600000.0,100000.0,2006,Jul,24.0,51.3,212559417.0,12.08,183241641.0,-14.235004,-51.92528,2006-01-01,19.27173169062286,0,0,0,0,0,0,1,0,0,0,0,0,0,0,0
485,David Dobrik,17900000,7176572299.0,David Dobrik,536,United States,US,People,801.0,125.0,28.0,8650000.0,2200.0,34600.0,26000.0,415200.0,100000.0,2014,Dec,19.0,88.2,328239523.0,14.7,270663028.0,37.09024,-95.712891,2014-01-01,11.271731690622861,0,0,0,0,0,0,0,0,0,0,1,0,0,0,0
486,KatieAngel,17900000,3841205465.0,KatieAngel,982,United States,US,Music,2014.0,125.0,106.0,51687000.0,12900.0,206700.0,155100.0,2500000.0,100000.0,2015,May,19.0,88.2,328239523.0,14.7,270663028.0,37.09024,-95.712891,2015-01-01,10.272416153319645,0,0,0,0,0,0,0,0,0,0,1,0,0,0,0
487,RobleisIUTU,17900000,5168721499.0,RobleisIUTU,1344,Argentina,AR,Games,1294.0,9.0,35.0,27545000.0,6900.0,110200.0,82600.0,1300000.0,100000.0,2013,Apr,15.0,90.0,44938712.0,9.79,41339571.0,-38.416097,-63.616672,2013-01-01,12.271047227926077,0,0,0,1,0,0,0,0,0,0,0,0,0,0,0
490,Like Nastya VNM,17900000,9867515979.0,Like Nastya VNM,602,Vietnam,VN,Entertainment,455.0,1.0,121.0,84467000.0,21100.0,337900.0,253400.0,4100000.0,100000.0,2019,Nov,22.0,28.5,96462106.0,2.01,35332140.0,14.058324,108.277199,2019-01-01,6.272416153319644,0,0,0,1,0,0,0,0,0,0,0,0,0,0,0
492,MGC Playhouse,17900000,16174530046.0,MGC Playhouse,1426,United States,US,Education,187.0,125.0,27.0,102621000.0,25700.0,410500.0,307900.0,4900000.0,100000.0,2009,Feb,3.0,88.2,328239523.0,14.7,270663028.0,37.09024,-95.712891,2009-01-01,16.27104722792608,0,0,0,0,0,0,0,0,0,0,0,0,0,1,0
500,tanboy kun,17700000,3647267655.0,tanboy kun,739,Indonesia,ID,Entertainment,2169.0,17.0,122.0,48174000.0,12000.0,192700.0,144500.0,2300000.0,100000.0,2016,Oct,27.0,36.3,270203917.0,4.69,151509724.0,-0.789275,113.921327,2016-01-01,9.273100616016427,0,0,0,0,0,0,0,0,0,0,1,0,0,0,0
504,Les' Copaque Production,17700000,9059696049.0,Les' Copaque Production,1716,Malaysia,MY,Entertainment,531.0,1.0,123.0,117727000.0,29400.0,470900.0,353200.0,5700000.0,200000.0,2009,Nov,9.0,45.1,32447385.0,3.32,24475766.0,4.210484,101.975766,2009-01-01,16.27104722792608,0,0,0,0,1,0,0,0,0,0,0,0,0,0,0
507,MissaSinfonia,17600000,2274007523.0,MissaSinfonia,233,Mexico,MX,Comedy,4139.0,17.0,25.0,27445000.0,6900.0,109800.0,82300.0,1300000.0,100000.0,2011,Jan,5.0,40.2,126014024.0,3.42,102626859.0,23.634501,-102.552784,2011-01-01,14.272416153319645,0,1,0,0,0,0,0,0,0,0,0,0,0,0,0
508,ýýýýýýýýý Liziqi,17600000,2977741577.0,ýýýýýýýýý Liziqi,128,China,CN,Howto,2917.0,1.0,16.0,22354000.0,5600.0,89400.0,67100.0,1100000.0,100000.0,2017,Aug,22.0,50.6,1397715000.0,4.32,842933962.0,35.86166,104.195397,2017-01-01,8.271047227926077,0,0,0,0,0,0,1,0,0,0,0,0,0,0,0
514,Fun For Kids TV - Hindi Rhymes,17500000,7612385622.0,Fun For Kids TV - Hindi Rhymes,149,India,IN,Entertainment,723.0,86.0,124.0,109847000.0,27500.0,439400.0,329500.0,5300000.0,300000.0,2017,Sep,27.0,28.1,1366417754.0,5.36,471031528.0,20.593684,78.96288,2017-01-01,8.271047227926077,0,0,0,1,0,0,0,0,0,0,0,0,0,0,0
520,Apple,17300000,1026425106.0,Apple,180,United States,US,Tech,11274.0,130.0,9.0,46484000.0,11600.0,185900.0,139500.0,2200000.0,100000.0,2005,Jun,22.0,88.2,328239523.0,14.7,270663028.0,37.09024,-95.712891,2005-01-01,20.27104722792608,0,0,0,0,0,0,0,0,0,0,0,0,1,0,0
525,Marques Brownlee,17200000,3606912471.0,Marques Brownlee,1567,United States,US,Tech,2196.0,131.0,10.0,52325000.0,13100.0,209300.0,157000.0,2500000.0,100000.0,2008,Mar,21.0,88.2,328239523.0,14.7,270663028.0,37.09024,-95.712891,2008-01-01,17.27310061601643,0,0,0,0,0,0,0,0,0,0,0,0,1,0,0
528,El Reino a Jugar,17200000,11445492404.0,El Reino a Jugar,1007,Argentina,AR,Education,353.0,11.0,28.0,83709000.0,20900.0,334800.0,251100.0,4000000.0,100000.0,2015,Mar,3.0,90.0,44938712.0,9.79,41339571.0,-38.416097,-63.616672,2015-01-01,10.272416153319645,0,0,1,0,0,0,0,0,0,0,0,0,0,0,0
530,TheBrianMaps,17100000,4448334716.0,TheBrianMaps,498,Russia,RU,Entertainment,1624.0,6.0,126.0,37164000.0,9300.0,148700.0,111500.0,1800000.0,100000.0,2012,Jun,4.0,81.9,144373535.0,4.59,107683889.0,61.52401,105.318756,2012-01-01,13.273100616016427,0,1,0,0,0,0,0,0,0,0,0,0,0,0,0
533,Queen Official,17000000,10847948832.0,Queen Official,1015,United Kingdom,GB,Music,385.0,21.0,112.0,93768000.0,23400.0,375100.0,281300.0,4500000.0,100000.0,2008,Jul,7.0,60.0,66834405.0,3.85,55908316.0,55.378051,-3.435973,2008-01-01,17.27310061601643,0,0,0,0,0,0,0,0,1,0,0,0,0,0,0
534,Prajapati News,17000000,1001465469.0,Prajapati News,1407,India,IN,Entertainment,11662.0,89.0,128.0,7626000.0,1900.0,30500.0,22900.0,366100.0,100000.0,2013,Mar,14.0,28.1,1366417754.0,5.36,471031528.0,20.593684,78.96288,2013-01-01,12.271047227926077,0,1,0,0,0,0,0,0,0,0,0,0,0,0,0
537,Pop Chartbusters,16900000,8684010451.0,Pop Chartbusters,2235,India,IN,Music,574.0,90.0,113.0,72911000.0,18200.0,291600.0,218700.0,3500000.0,200000.0,2011,Aug,26.0,28.1,1366417754.0,5.36,471031528.0,20.593684,78.96288,2011-01-01,14.272416153319645,0,0,0,0,0,0,0,0,1,0,0,0,0,0,0
540,VICE,16900000,4609753237.0,VICE,3900,United States,US,Entertainment,1543.0,134.0,129.0,36357000.0,9100.0,145400.0,109100.0,1700000.0,100000.0,2005,Dec,16.0,88.2,328239523.0,14.7,270663028.0,37.09024,-95.712891,2005-01-01,20.27104722792608,0,0,0,1,0,0,0,0,0,0,0,0,0,0,0
547,Like Nastya IDN,16800000,7195314800.0,Like Nastya IDN,502,Indonesia,ID,Entertainment,795.0,19.0,130.0,42836000.0,10700.0,171300.0,128500.0,2100000.0,100000.0,2019,Nov,22.0,36.3,270203917.0,4.69,151509724.0,-0.789275,113.921327,2019-01-01,6.272416153319644,0,0,0,1,0,0,0,0,0,0,0,0,0,0,0
548,Gato Galactico | GALï¿½ï¿,16800000,3693798804.0,Gato Galactico | GALï¿½ï¿,1491,Brazil,BR,Entertainment,2129.0,30.0,130.0,44121000.0,11000.0,176500.0,132400.0,2100000.0,100000.0,2013,Apr,2.0,51.3,212559417.0,12.08,183241641.0,-14.235004,-51.92528,2013-01-01,12.271047227926077,0,0,0,0,1,0,0,0,0,0,0,0,0,0,0
550,CoryxKenshin,16700000,7102965621.0,CoryxKenshin,1693,United States,US,Games,814.0,135.0,39.0,105114000.0,26300.0,420500.0,315300.0,5000000.0,200000.0,2009,Apr,27.0,88.2,328239523.0,14.7,270663028.0,37.09024,-95.712891,2009-01-01,16.27104722792608,0,0,0,0,0,1,0,0,0,0,0,0,0,0,0
551,With Kids[ï¿½ï¿½ï¿½ï¿½ï,16700000,8826138204.0,With Kids[ï¿½ï¿½ï¿½ï¿½ï,920,United States,US,Entertainment,559.0,135.0,130.0,45698000.0,11400.0,182800.0,137100.0,2200000.0,100000.0,2012,Jul,6.0,88.2,328239523.0,14.7,270663028.0,37.09024,-95.712891,2012-01-01,13.273100616016427,0,0,0,1,0,0,0,0,0,0,0,0,0,0,0
561,Jordan Matter,16600000,5819508534.0,Jordan Matter,413,United States,US,Entertainment,1088.0,136.0,132.0,199033000.0,49800.0,796100.0,597100.0,9600000.0,300000.0,2006,Dec,21.0,88.2,328239523.0,14.7,270663028.0,37.09024,-95.712891,2006-01-01,19.27173169062286,0,0,0,1,0,0,0,0,0,0,0,0,0,0,0
562,ýýýýýýýý ýýýýýýýýýýýýýýýýýýýýýý,16500000,2440934034.0,ýýýýýýýý ýýýýýýýýýýýýýýýýýýýýýý,421,United States,US,Entertainment,3778.0,137.0,133.0,21953000.0,5500.0,87800.0,65900.0,1100000.0,200000.0,2014,Mar,9.0,88.2,328239523.0,14.7,270663028.0,37.09024,-95.712891,2014-01-01,11.271731690622861,0,0,0,1,0,0,0,0,0,0,0,0,0,0,0
563,FailArmy,16500000,3037260680.0,FailArmy,438,United States,US,Entertainment,2766.0,137.0,133.0,112986000.0,28200.0,451900.0,339000.0,5400000.0,100000.0,2011,Jul,5.0,88.2,328239523.0,14.7,270663028.0,37.09024,-95.712891,2011-01-01,14.272416153319645,0,1,0,0,0,0,0,0,0,0,0,0,0,0,0
575,Camila Cabello,16300000,6613422635.0,Camila Cabello,80,United States,US,Music,906.0,139.0,117.0,42704000.0,10700.0,170800.0,128100.0,2000000.0,100000.0,2015,Aug,11.0,88.2,328239523.0,14.7,270663028.0,37.09024,-95.712891,2015-01-01,10.272416153319645,0,0,0,0,0,0,0,0,1,0,0,0,0,0,0
579,Bollywood Classics,16300000,7141825267.0,Bollywood Classics,1444,India,IN,Music,804.0,93.0,116.0,151477000.0,37900.0,605900.0,454400.0,7300000.0,300000.0,2011,Oct,13.0,28.1,1366417754.0,5.36,471031528.0,20.593684,78.96288,2011-01-01,14.272416153319645,0,0,0,1,0,0,0,0,0,0,0,0,0,0,0
580,Technoblade,16300000,1656452554.0,Technoblade,989,United States,US,Games,6274.0,138.0,40.0,17944000.0,4500.0,71800.0,53800.0,861300.0,200000.0,2013,Oct,28.0,88.2,328239523.0,14.7,270663028.0,37.09024,-95.712891,2013-01-01,12.271047227926077,0,0,0,0,0,1,0,0,0,0,0,0,0,0,0
584,T3ddy,16200000,2990185467.0,T3ddy,1930,Brazil,BR,People,2898.0,31.0,38.0,33015000.0,8300.0,132100.0,99000.0,1600000.0,100000.0,2012,Jan,16.0,51.3,212559417.0,12.08,183241641.0,-14.235004,-51.92528,2012-01-01,13.273100616016427,0,1,0,0,0,0,0,0,0,0,0,0,0,0,0
585,JJ Olatunji,16200000,4076692623.0,JJ Olatunji,1294,United Kingdom,GB,Entertainment,1856.0,23.0,136.0,27808000.0,7000.0,111200.0,83400.0,1300000.0,100000.0,2011,Jan,26.0,60.0,66834405.0,3.85,55908316.0,55.378051,-3.435973,2011-01-01,14.272416153319645,0,0,0,0,0,1,0,0,0,0,0,0,0,0,0
606,Totoy kids - Espaï¿½ï,16000000,5997599089.0,Totoy kids - Espaï¿½ï,344,Mexico,MX,Film,1048.0,23.0,31.0,112393000.0,28100.0,449600.0,337200.0,5400000.0,200000.0,2017,Sep,7.0,40.2,126014024.0,3.42,102626859.0,23.634501,-102.552784,2017-01-01,8.271047227926077,0,0,0,0,1,0,0,0,0,0,0,0,0,0,0
610,Lyna,15900000,6534326412.0,Lyna,4906,Argentina,AR,Games,919.0,12.0,43.0,64085000.0,16000.0,256300.0,192300.0,3100000.0,200000.0,2014,Sep,8.0,90.0,44938712.0,9.79,41339571.0,-38.416097,-63.616672,2014-01-01,11.271731690622861,0,0,0,0,0,1,0,0,0,0,0,0,0,0,0
611,MK MUSIC,15900000,9198986881.0,MK MUSIC,5105,Brazil,BR,Music,516.0,33.0,120.0,136388000.0,34100.0,545600.0,409200.0,6500000.0,100000.0,2010,Jan,18.0,51.3,212559417.0,12.08,183241641.0,-14.235004,-51.92528,2010-01-01,15.271731690622861,0,0,0,0,0,0,0,0,1,0,0,0,0,0,0
612,Unspeakable,15900000,9052367553.0,Unspeakable,796,United States,US,People,530.0,142.0,40.0,164895000.0,41200.0,659600.0,494700.0,7900000.0,200000.0,2016,May,1.0,88.2,328239523.0,14.7,270663028.0,37.09024,-95.712891,2016-01-01,9.273100616016427,0,0,0,0,0,1,0,0,0,0,0,0,0,0,0
613,Camilo,15900000,6802382479.0,Camilo,132,Colombia,CO,Music,871.0,8.0,120.0,59890000.0,15000.0,239600.0,179700.0,2900000.0,100000.0,2010,Jul,29.0,55.3,50339443.0,9.71,40827302.0,4.570868,-74.297333,2010-01-01,15.271731690622861,0,0,0,0,0,0,0,0,1,0,0,0,0,0,0
614,Dear Sir,15800000,1349288771.0,Dear Sir,633,India,IN,Education,8066.0,95.0,31.0,24056000.0,6000.0,96200.0,72200.0,1200000.0,200000.0,2016,Dec,13.0,28.1,1366417754.0,5.36,471031528.0,20.593684,78.96288,2016-01-01,9.273100616016427,0,0,1,0,0,0,0,0,0,0,0,0,0,0,0
616,Arif muhammad,15800000,4122634467.0,Arif muhammad,542,Indonesia,ID,Comedy,1816.0,22.0,26.0,71870000.0,18000.0,287500.0,215600.0,3400000.0,100000.0,2017,Jan,18.0,36.3,270203917.0,4.69,151509724.0,-0.789275,113.921327,2017-01-01,8.271047227926077,0,0,0,0,0,0,0,0,0,0,1,0,0,0,0
619,DM - Desi Melodies,15700000,5914071870.0,DM - Desi Melodies,79,India,IN,Music,1071.0,97.0,121.0,141842000.0,35500.0,567400.0,425500.0,6800000.0,300000.0,2017,Jul,8.0,28.1,1366417754.0,5.36,471031528.0,20.593684,78.96288,2017-01-01,8.271047227926077,0,0,0,0,0,0,0,0,1,0,0,0,0,0,0
622,Zee Music Classic,15700000,5558051295.0,Zee Music Classic,1640,India,IN,Music,1174.0,97.0,121.0,86450000.0,21600.0,345800.0,259300.0,4100000.0,100000.0,2014,May,20.0,28.1,1366417754.0,5.36,471031528.0,20.593684,78.96288,2014-01-01,11.271731690622861,0,0,0,0,0,0,0,0,1,0,0,0,0,0,0
627,Juliana Baltar,15600000,3869457097.0,Juliana Baltar,2019,Brazil,BR,Entertainment,2002.0,34.0,140.0,56218000.0,14100.0,224900.0,168700.0,2700000.0,100000.0,2010,May,9.0,51.3,212559417.0,12.08,183241641.0,-14.235004,-51.92528,2010-01-01,15.271731690622861,0,0,0,1,0,0,0,0,0,0,0,0,0,0,0
629,Blippi Espaï¿½ï,15500000,8984089026.0,Blippi Espaï¿½ï,598,Mexico,MX,Education,538.0,24.0,32.0,90012000.0,22500.0,360000.0,270000.0,4300000.0,100000.0,2017,Jan,13.0,40.2,126014024.0,3.42,102626859.0,23.634501,-102.552784,2017-01-01,8.271047227926077,0,0,0,0,0,0,0,0,0,0,1,0,0,0,0
631,Katakit Baby TV,15500000,6386271870.0,Katakit Baby TV,220,Saudi Arabia,SA,Music,954.0,4.0,122.0,90914000.0,22700.0,363700.0,272700.0,4400000.0,200000.0,2010,Jul,26.0,68.0,34268528.0,5.93,28807838.0,23.885942,45.079162,2010-01-01,15.271731690622861,0,0,0,0,0,0,0,0,1,0,0,0,0,0,0
632,Infobells Bangla,15500000,7776706184.0,Infobells Bangla,359,India,IN,Education,687.0,98.0,32.0,167888000.0,42000.0,671600.0,503700.0,8100000.0,300000.0,2016,Jun,13.0,28.1,1366417754.0,5.36,471031528.0,20.593684,78.96288,2016-01-01,9.273100616016427,0,0,1,0,0,0,0,0,0,0,0,0,0,0,0
633,ýýýýýýýý ýý ýýýýýýýý,15500000,8265129639.0,ýýýýýýýý ýý ýýýýýýýý,1021,Saudi Arabia,SA,Film,619.0,4.0,33.0,135036000.0,33800.0,540100.0,405100.0,6500000.0,300000.0,2017,May,16.0,68.0,34268528.0,5.93,28807838.0,23.885942,45.079162,2017-01-01,8.271047227926077,0,0,0,0,0,0,0,0,0,0,0,0,0,1,0
636,Kashvi Adlakha,15500000,12714141740.0,Kashvi Adlakha,1525,India,IN,Entertainment,300.0,99.0,141.0,139123000.0,34800.0,556500.0,417400.0,6700000.0,200000.0,2017,Apr,9.0,28.1,1366417754.0,5.36,471031528.0,20.593684,78.96288,2017-01-01,8.271047227926077,0,0,0,1,0,0,0,0,0,0,0,0,0,0,0
638,ýýýýýýýý ýýýýýýýýýýýýýý ýýýý 5 ýýýýýýýýýý,15500000,4499826716.0,ýýýýýýýý ýýýýýýýýýýýýýý ýýýý 5 ýýýýýýýýýý,5183,Egypt,EG,Howto,1597.0,1.0,22.0,32916000.0,8200.0,131700.0,98700.0,1600000.0,100000.0,2017,Dec,8.0,35.2,100388073.0,10.76,42895824.0,26.820553,30.802498,2017-01-01,8.271047227926077,0,0,0,0,0,0,1,0,0,0,0,0,0,0,0
639,Harsh Beniwal,15400000,1781226000.0,Harsh Beniwal,165,India,IN,Comedy,5724.0,100.0,27.0,27963000.0,7000.0,111900.0,83900.0,1300000.0,100000.0,2015,May,6.0,28.1,1366417754.0,5.36,471031528.0,20.593684,78.96288,2015-01-01,10.272416153319645,0,1,0,0,0,0,0,0,0,0,0,0,0,0,0
640,FFUNTV,15400000,11513738907.0,FFUNTV,379,United Arab Emirates,AE,Entertainment,349.0,6.0,141.0,80172000.0,20000.0,320700.0,240500.0,3800000.0,200000.0,2018,Jul,18.0,36.8,9770529.0,2.35,8479744.0,23.424076,53.847818,2018-01-01,7.271731690622861,0,0,0,0,0,1,0,0,0,0,0,0,0,0,0
641,Mobile Legends: Bang Bang,15400000,1543608082.0,Mobile Legends: Bang Bang,1647,United States,US,Games,6793.0,147.0,45.0,55369000.0,13800.0,221500.0,166100.0,2700000.0,100000.0,2016,Jul,14.0,88.2,328239523.0,14.7,270663028.0,37.09024,-95.712891,2016-01-01,9.273100616016427,0,0,0,0,0,1,0,0,0,0,0,0,0,0,0
644,Genierock,15400000,14564170905.0,Genierock,1725,Thailand,TH,Music,239.0,11.0,124.0,82798000.0,20700.0,331200.0,248400.0,4000000.0,100000.0,2008,Mar,9.0,49.3,69625582.0,0.75,35294600.0,15.870032,100.992541,2008-01-01,17.27310061601643,0,0,0,0,0,0,0,0,1,0,0,0,0,0,0
645,zayn,15400000,4909687948.0,zayn,21,United States,US,Music,1401.0,147.0,124.0,36790000.0,9200.0,147200.0,110400.0,1800000.0,100000.0,2016,Jan,26.0,88.2,328239523.0,14.7,270663028.0,37.09024,-95.712891,2016-01-01,9.273100616016427,0,0,0,0,0,0,0,0,1,0,0,0,0,0,0
653,The MriDul,15200000,4503880875.0,The MriDul,106,India,IN,Comedy,1593.0,102.0,28.0,98329000.0,24600.0,393300.0,295000.0,4700000.0,200000.0,2015,Mar,14.0,28.1,1366417754.0,5.36,471031528.0,20.593684,78.96288,2015-01-01,10.272416153319645,0,1,0,0,0,0,0,0,0,0,0,0,0,0,0
655,SRK MUSIC,15200000,6391679636.0,SRK MUSIC,5056,India,IN,Music,955.0,102.0,126.0,57809000.0,14500.0,231200.0,173400.0,2800000.0,200000.0,2012,Mar,16.0,28.1,1366417754.0,5.36,471031528.0,20.593684,78.96288,2012-01-01,13.273100616016427,0,0,0,0,0,0,0,0,1,0,0,0,0,0,0
663,Daftar Populer,15100000,2143140898.0,Daftar Populer,3810,Indonesia,ID,Entertainment,4520.0,24.0,144.0,17231000.0,4300.0,68900.0,51700.0,827100.0,100000.0,2017,Jan,16.0,36.3,270203917.0,4.69,151509724.0,-0.789275,113.921327,2017-01-01,8.271047227926077,0,0,1,0,0,0,0,0,0,0,0,0,0,0,0
666,PowerfulJRE,15100000,3060202847.0,PowerfulJRE,1037,United States,US,People,2796.0,149.0,43.0,43409000.0,10900.0,173600.0,130200.0,2100000.0,200000.0,2013,Jan,12.0,88.2,328239523.0,14.7,270663028.0,37.09024,-95.712891,2013-01-01,12.271047227926077,0,0,0,0,0,0,0,0,0,0,1,0,0,0,0
670,Mohamed Ramadan I ï¿½ï¿½ï¿½ï¿½ï¿½ï¿½ï,15100000,5324913850.0,Mohamed Ramadan I ï¿½ï¿½ï¿½ï¿½ï¿½ï¿½ï,753,Egypt,EG,Entertainment,1242.0,2.0,145.0,46060000.0,11500.0,184200.0,138200.0,2200000.0,100000.0,2014,Oct,31.0,35.2,100388073.0,10.76,42895824.0,26.820553,30.802498,2014-01-01,11.271731690622861,0,0,0,0,0,0,0,0,0,0,1,0,0,0,0
671,EdisonPts,15100000,6668507856.0,EdisonPts,3733,Russia,RU,Games,894.0,10.0,47.0,95603000.0,23900.0,382400.0,286800.0,4600000.0,100000.0,2013,Jun,24.0,81.9,144373535.0,4.59,107683889.0,61.52401,105.318756,2013-01-01,12.271047227926077,0,0,0,0,0,1,0,0,0,0,0,0,0,0,0
676,AdeleVEVO,15100000,12413869881.0,AdeleVEVO,52,United Kingdom,GB,Music,309.0,25.0,127.0,84750000.0,21200.0,339000.0,254300.0,4100000.0,100000.0,2009,Oct,15.0,60.0,66834405.0,3.85,55908316.0,55.378051,-3.435973,2009-01-01,16.27104722792608,0,0,0,0,0,0,0,0,1,0,0,0,0,0,0
682,XpressTV,15000000,4008801873.0,XpressTV,724,Mexico,MX,Entertainment,1907.0,26.0,146.0,33880000.0,8500.0,135500.0,101600.0,1600000.0,100000.0,2014,Nov,17.0,40.2,126014024.0,3.42,102626859.0,23.634501,-102.552784,2014-01-01,11.271731690622861,0,0,0,1,0,0,0,0,0,0,0,0,0,0,0
684,Kwebbelkop,15000000,6889304306.0,Kwebbelkop,5198,United States,US,Film,857.0,151.0,37.0,29724000.0,7400.0,118900.0,89200.0,1400000.0,100000.0,2008,Apr,2.0,88.2,328239523.0,14.7,270663028.0,37.09024,-95.712891,2008-01-01,17.27310061601643,0,0,0,0,0,1,0,0,0,0,0,0,0,0,0
686,THE BROWN SIBLINGS,15000000,8658553456.0,THE BROWN SIBLINGS,965,India,IN,Entertainment,577.0,103.0,145.0,102357000.0,25600.0,409400.0,307100.0,4900000.0,200000.0,2016,Oct,9.0,28.1,1366417754.0,5.36,471031528.0,20.593684,78.96288,2016-01-01,9.273100616016427,0,0,0,1,0,0,0,0,0,0,0,0,0,0,0
693,A2 Motivation by Arvind Arora,15000000,8932038210.0,A2 Motivation by Arvind Arora,3168,India,IN,Entertainment,544.0,104.0,146.0,130731000.0,32700.0,522900.0,392200.0,6300000.0,200000.0,2017,Apr,7.0,28.1,1366417754.0,5.36,471031528.0,20.593684,78.96288,2017-01-01,8.271047227926077,0,0,0,1,0,0,0,0,0,0,0,0,0,0,0
694,50 Cent,14900000,10069000444.0,50 Cent,419,United States,US,Music,435.0,152.0,129.0,119812000.0,30000.0,479200.0,359400.0,5800000.0,100000.0,2007,Feb,8.0,88.2,328239523.0,14.7,270663028.0,37.09024,-95.712891,2007-01-01,18.272416153319643,0,0,0,0,0,0,0,0,1,0,0,0,0,0,0
697,melanie martinez,14900000,4395184343.0,melanie martinez,127,United States,US,Music,1656.0,152.0,129.0,56358000.0,14100.0,225400.0,169100.0,2700000.0,100000.0,2007,Nov,3.0,88.2,328239523.0,14.7,270663028.0,37.09024,-95.712891,2007-01-01,18.272416153319643,0,0,0,0,0,0,0,0,1,0,0,0,0,0,0
702,TazerCraft,14900000,5956193599.0,TazerCraft,4175,Brazil,BR,Games,1066.0,37.0,49.0,39775000.0,9900.0,159100.0,119300.0,1900000.0,100000.0,2011,Jul,13.0,51.3,212559417.0,12.08,183241641.0,-14.235004,-51.92528,2011-01-01,14.272416153319645,0,0,0,0,0,1,0,0,0,0,0,0,0,0,0
720,Chad Wild Clay,14700000,6751985988.0,Chad Wild Clay,698,United States,US,Entertainment,885.0,154.0,149.0,36338000.0,9100.0,145400.0,109000.0,1700000.0,100000.0,2006,Mar,26.0,88.2,328239523.0,14.7,270663028.0,37.09024,-95.712891,2006-01-01,19.27173169062286,0,1,0,0,0,0,0,0,0,0,0,0,0,0,0
722,Netflix Jr.,14700000,8882319696.0,Netflix Jr.,1996,United States,US,Education,552.0,154.0,36.0,79402000.0,19900.0,317600.0,238200.0,3800000.0,100000.0,2012,Jan,28.0,88.2,328239523.0,14.7,270663028.0,37.09024,-95.712891,2012-01-01,13.273100616016427,0,0,1,0,0,0,0,0,0,0,0,0,0,0,0
725,Camila Loures,14700000,4684983333.0,Camila Loures,3978,Brazil,BR,Entertainment,1501.0,39.0,149.0,40975000.0,10200.0,163900.0,122900.0,2000000.0,100000.0,2014,May,27.0,51.3,212559417.0,12.08,183241641.0,-14.235004,-51.92528,2014-01-01,11.271731690622861,0,0,0,0,0,0,0,0,1,0,0,0,0,0,0
726,Doc Tops,14600000,2613197447.0,Doc Tops,490,Ecuador,EC,Entertainment,3458.0,1.0,150.0,16409000.0,4100.0,65600.0,49200.0,787600.0,100000.0,2014,Dec,29.0,44.9,17373662.0,3.97,11116711.0,-1.831239,-78.183406,2014-01-01,11.271731690622861,0,0,0,1,0,0,0,0,0,0,0,0,0,0,0
730,PrestonPlayz,14600000,5766647017.0,Preston,4009,United States,US,Entertainment,621.0,78.0,72.0,151697000.0,37900.0,606800.0,455100.0,7300000.0,200000.0,2012,Jul,4.0,88.2,328239523.0,14.7,270663028.0,37.09024,-95.712891,2012-01-01,13.273100616016427,0,0,0,0,0,1,0,0,0,0,0,0,0,0,0
732,O Reino Infantil,14600000,11182302317.0,O Reino Infantil,1206,Brazil,BR,Music,369.0,40.0,131.0,109865000.0,27500.0,439500.0,329600.0,5300000.0,100000.0,2014,Aug,19.0,51.3,212559417.0,12.08,183241641.0,-14.235004,-51.92528,2014-01-01,11.271731690622861,0,0,0,0,0,0,0,0,1,0,0,0,0,0,0
734,Mis Pastelitos,14600000,2750902766.0,Mis Pastelitos,603,Mexico,MX,Music,3248.0,27.0,131.0,50677000.0,12700.0,202700.0,152000.0,2400000.0,100000.0,2014,Jun,24.0,40.2,126014024.0,3.42,102626859.0,23.634501,-102.552784,2014-01-01,11.271731690622861,0,0,0,0,0,0,1,0,0,0,0,0,0,0,0
745,Aadishakti Films,14500000,6290721701.0,Aadishakti Films,4790,India,IN,Music,981.0,107.0,132.0,48447000.0,12100.0,193800.0,145300.0,2300000.0,200000.0,2016,Oct,28.0,28.1,1366417754.0,5.36,471031528.0,20.593684,78.96288,2016-01-01,9.273100616016427,0,0,0,0,0,0,0,0,1,0,0,0,0,0,0
754,Gyan Gamingï¿½,14400000,2224121890.0,Gyan Gamingï¿½,3086,India,IN,Games,4292.0,107.0,52.0,13891000.0,3500.0,55600.0,41700.0,666800.0,100000.0,2017,Sep,1.0,28.1,1366417754.0,5.36,471031528.0,20.593684,78.96288,2017-01-01,8.271047227926077,0,0,0,0,0,1,0,0,0,0,0,0,0,0,0
761,Indore Physical Academy,14400000,4156427797.0,Indore Physical Academy,1838,India,IN,People,1793.0,107.0,47.0,70409000.0,17600.0,281600.0,211200.0,3400000.0,200000.0,2014,Apr,19.0,28.1,1366417754.0,5.36,471031528.0,20.593684,78.96288,2014-01-01,11.271731690622861,0,0,0,0,0,0,0,0,0,0,1,0,0,0,0
769,Super Polina,14300000,4776507159.0,Super Polina,576,United States,US,Entertainment,1452.0,158.0,153.0,413774.0,103.0,1700.0,1200.0,19900.0,100000.0,2014,Jul,8.0,88.2,328239523.0,14.7,270663028.0,37.09024,-95.712891,2014-01-01,11.271731690622861,0,0,0,0,0,0,0,0,0,0,1,0,0,0,0
775,TommyInnit,14200000,2084791147.0,TommyInnit,342,United Kingdom,GB,Games,4696.0,27.0,55.0,54291000.0,13600.0,217200.0,162900.0,2600000.0,200000.0,2015,Dec,24.0,60.0,66834405.0,3.85,55908316.0,55.378051,-3.435973,2015-01-01,10.272416153319645,0,0,0,0,0,1,0,0,0,0,0,0,0,0,0
776,E-MasterSensei,14200000,3920559552.0,E-MasterSensei,1300,Mexico,MX,Games,1971.0,28.0,54.0,44575000.0,11100.0,178300.0,133700.0,2100000.0,200000.0,2016,Jan,13.0,40.2,126014024.0,3.42,102626859.0,23.634501,-102.552784,2016-01-01,9.273100616016427,0,0,0,0,0,1,0,0,0,0,0,0,0,0,0
777,infobells - Kannada,14200000,6554000320.0,infobells - Kannada,433,India,IN,Education,912.0,110.0,37.0,141688000.0,35400.0,566800.0,425100.0,6800000.0,300000.0,2014,Mar,13.0,28.1,1366417754.0,5.36,471031528.0,20.593684,78.96288,2014-01-01,11.271731690622861,0,0,1,0,0,0,0,0,0,0,0,0,0,0,0
783,Neha Kakkar,14100000,2131548711.0,Neha Kakkar,149,India,IN,Music,4624.0,110.0,134.0,25605000.0,6400.0,102400.0,76800.0,1200000.0,100000.0,2012,Oct,22.0,28.1,1366417754.0,5.36,471031528.0,20.593684,78.96288,2012-01-01,13.273100616016427,0,0,0,0,0,0,0,0,1,0,0,0,0,0,0
789,Lana Del Rey,14100000,6884215292.0,Lana Del Rey,43,United States,US,Music,856.0,160.0,135.0,135563000.0,33900.0,542300.0,406700.0,6500000.0,200000.0,2011,May,5.0,88.2,328239523.0,14.7,270663028.0,37.09024,-95.712891,2011-01-01,14.272416153319645,0,0,0,0,0,0,0,0,1,0,0,0,0,0,0
792,Bie The Ska,14100000,4627069704.0,Bie The Ska,1540,Thailand,TH,Entertainment,1531.0,14.0,155.0,12502000.0,3100.0,50000.0,37500.0,600100.0,100000.0,2006,Oct,3.0,49.3,69625582.0,0.75,35294600.0,15.870032,100.992541,2006-01-01,19.27173169062286,0,0,0,1,0,0,0,0,0,0,0,0,0,0,0
795,TV Ana Emilia,14000000,4674164601.0,TV Ana Emilia,651,Mexico,MX,Entertainment,1504.0,29.0,156.0,26783000.0,6700.0,107100.0,80300.0,1300000.0,100000.0,2014,Dec,30.0,40.2,126014024.0,3.42,102626859.0,23.634501,-102.552784,2014-01-01,11.271731690622861,0,0,0,0,0,0,0,0,0,0,1,0,0,0,0
796,ýýýýýýýýýýýý,14000000,7719743112.0,ýýýýýýýýýýýý,2210,Russia,RU,Games,703.0,12.0,56.0,150570000.0,37600.0,602300.0,451700.0,7200000.0,200000.0,2013,Oct,26.0,81.9,144373535.0,4.59,107683889.0,61.52401,105.318756,2013-01-01,12.271047227926077,0,0,0,0,0,1,0,0,0,0,0,0,0,0,0
797,Luli Pampï¿½,14000000,8623705301.0,Luli Pampï¿½,294,Spain,ES,Music,579.0,15.0,136.0,201659000.0,50400.0,806600.0,605000.0,9700000.0,100000.0,2012,Dec,22.0,88.9,47076781.0,13.96,37927409.0,40.463667,-3.74922,2012-01-01,13.273100616016427,0,0,0,0,0,0,0,0,1,0,0,0,0,0,0
802,Crescendo com Luluca,14000000,5094050461.0,Crescendo com Luluca,1307,Brazil,BR,People,1327.0,44.0,48.0,68058000.0,17000.0,272200.0,204200.0,3300000.0,100000.0,2015,Aug,30.0,51.3,212559417.0,12.08,183241641.0,-14.235004,-51.92528,2015-01-01,10.272416153319645,0,0,0,1,0,0,0,0,0,0,0,0,0,0,0
803,Jazzghost,13900000,5673347763.0,Jazzghost,5494,Brazil,BR,Games,1140.0,46.0,57.0,106718000.0,26700.0,426900.0,320200.0,5100000.0,100000.0,2012,Aug,30.0,51.3,212559417.0,12.08,183241641.0,-14.235004,-51.92528,2012-01-01,13.273100616016427,0,0,0,0,0,1,0,0,0,0,0,0,0,0,0
804,karameeshchannel,13900000,9106781518.0,karameeshchannel,2254,Jordan,JO,Music,526.0,3.0,137.0,87639000.0,21900.0,350600.0,262900.0,4200000.0,100000.0,2012,Jan,18.0,34.4,10101694.0,14.72,9213048.0,30.585164,36.238414,2012-01-01,13.273100616016427,0,0,0,1,0,0,0,0,0,0,0,0,0,0,0
810,Atlantic Records,13900000,12513842343.0,Atlantic Records,1660,United States,US,Music,307.0,161.0,137.0,97284000.0,24300.0,389100.0,291900.0,4700000.0,100000.0,2006,Dec,15.0,88.2,328239523.0,14.7,270663028.0,37.09024,-95.712891,2006-01-01,19.27173169062286,0,0,0,0,0,0,0,0,1,0,0,0,0,0,0
812,Veritasium,13900000,2165885634.0,Veritasium,369,United States,US,Education,4466.0,161.0,38.0,44149000.0,11000.0,176600.0,132400.0,2100000.0,200000.0,2010,Jul,21.0,88.2,328239523.0,14.7,270663028.0,37.09024,-95.712891,2010-01-01,15.271731690622861,0,0,1,0,0,0,0,0,0,0,0,0,0,0,0
814,Airrack,13800000,2224911030.0,Airrack,173,United States,US,Entertainment,4285.0,161.0,157.0,99654000.0,24900.0,398600.0,299000.0,4800000.0,300000.0,2015,Jan,3.0,88.2,328239523.0,14.7,270663028.0,37.09024,-95.712891,2015-01-01,10.272416153319645,0,0,0,1,0,0,0,0,0,0,0,0,0,0,0
815,Hacksmith Industries,13800000,1820559912.0,Hacksmith Industries,887,Canada,CA,Tech,5524.0,10.0,14.0,83943000.0,21000.0,335800.0,251800.0,4000000.0,100000.0,2006,Apr,20.0,68.9,36991981.0,5.56,30628482.0,56.130366,-106.346771,2006-01-01,19.27173169062286,0,0,0,0,0,0,0,0,0,0,0,0,1,0,0
817,ýýýýýýýý/Atro,13800000,2480957682.0,ýýýýýýýý/Atro,1952,Netherlands,NL,Games,3690.0,4.0,58.0,55122000.0,13800.0,220500.0,165400.0,2600000.0,200000.0,2017,Jul,2.0,85.0,17332850.0,3.2,15924729.0,52.132633,5.291266,2017-01-01,8.271047227926077,0,0,0,0,0,1,0,0,0,0,0,0,0,0,0
818,123 GO! Spanish,13800000,5019136690.0,123 GO! Spanish,520,Mexico,MX,Howto,1361.0,30.0,28.0,26519000.0,6600.0,106100.0,79600.0,1300000.0,100000.0,2019,Mar,13.0,40.2,126014024.0,3.42,102626859.0,23.634501,-102.552784,2019-01-01,6.272416153319644,0,0,0,0,0,0,0,0,0,0,1,0,0,0,0
820,Kids TV India Hindi Nursery Rhymes,13800000,6646953396.0,Kids TV India Hindi Nursery Rhymes,1505,India,IN,Education,898.0,112.0,38.0,78651000.0,19700.0,314600.0,236000.0,3800000.0,100000.0,2014,Nov,17.0,28.1,1366417754.0,5.36,471031528.0,20.593684,78.96288,2014-01-01,11.271731690622861,0,0,0,0,0,0,0,0,0,0,0,0,0,1,0
821,Think Music India,13800000,11039343563.0,Think Music India,4978,India,IN,Music,374.0,112.0,137.0,217106000.0,54300.0,868400.0,651300.0,10400000.0,200000.0,2009,Aug,15.0,28.1,1366417754.0,5.36,471031528.0,20.593684,78.96288,2009-01-01,16.27104722792608,0,0,0,0,0,0,0,0,1,0,0,0,0,0,0
822,O Que Nï¿½ï¿½ï¿½ï¿½ï¿½ï¿,13700000,1967930734.0,O Que Nï¿½ï¿½ï¿½ï¿½ï¿½ï¿,696,Brazil,BR,Entertainment,5035.0,47.0,159.0,87804000.0,22000.0,351200.0,263400.0,4200000.0,200000.0,2015,Feb,6.0,51.3,212559417.0,12.08,183241641.0,-14.235004,-51.92528,2015-01-01,10.272416153319645,0,1,0,0,0,0,0,0,0,0,0,0,0,0,0
823,Goldmines Premiere,13700000,1973638757.0,Goldmines Premiere,975,India,IN,Film,5047.0,113.0,41.0,37648000.0,9400.0,150600.0,112900.0,1800000.0,100000.0,2013,Oct,12.0,28.1,1366417754.0,5.36,471031528.0,20.593684,78.96288,2013-01-01,12.271047227926077,0,0,0,1,0,0,0,0,0,0,0,0,0,0,0
826,NishaMadhulika,13700000,2939201386.0,NishaMadhulika,2158,India,IN,Howto,2972.0,113.0,29.0,22235000.0,5600.0,88900.0,66700.0,1100000.0,100000.0,2009,Aug,2.0,28.1,1366417754.0,5.36,471031528.0,20.593684,78.96288,2009-01-01,16.27104722792608,0,0,0,0,0,0,1,0,0,0,0,0,0,0,0
830,infobells,13700000,5178142148.0,infobells,495,India,IN,Education,1289.0,113.0,39.0,23893000.0,6000.0,95600.0,71700.0,1100000.0,100000.0,2011,Oct,20.0,28.1,1366417754.0,5.36,471031528.0,20.593684,78.96288,2011-01-01,14.272416153319645,0,0,1,0,0,0,0,0,0,0,0,0,0,0,0
832,Acenix,13600000,2122062016.0,Acenix,368,Spain,ES,Games,4572.0,16.0,60.0,47436000.0,11900.0,189700.0,142300.0,2300000.0,200000.0,2014,Jan,2.0,88.9,47076781.0,13.96,37927409.0,40.463667,-3.74922,2014-01-01,11.271731690622861,0,0,0,0,0,1,0,0,0,0,0,0,0,0,0
834,DALLMYD,13600000,1948925559.0,DALLMYD,412,United States,US,Sports,5133.0,164.0,11.0,30677000.0,7700.0,122700.0,92000.0,1500000.0,100000.0,2011,Feb,1.0,88.2,328239523.0,14.7,270663028.0,37.09024,-95.712891,2011-01-01,14.272416153319645,0,0,0,0,0,0,0,0,0,0,0,0,0,0,1
835,Lindsey Stirling,13600000,3764608356.0,Lindsey Stirling,199,United States,US,Music,2084.0,163.0,139.0,15277000.0,3800.0,61100.0,45800.0,733300.0,100000.0,2007,May,20.0,88.2,328239523.0,14.7,270663028.0,37.09024,-95.712891,2007-01-01,18.272416153319643,0,0,0,0,0,0,0,0,1,0,0,0,0,0,0
836,JOJO TV - Hindi Stories,13600000,5141201173.0,JOJO TV - Hindi Stories,1097,India,IN,Film,1303.0,114.0,42.0,10764000.0,2700.0,43100.0,32300.0,516700.0,100000.0,2016,Dec,25.0,28.1,1366417754.0,5.36,471031528.0,20.593684,78.96288,2016-01-01,9.273100616016427,0,0,1,0,0,0,0,0,0,0,0,0,0,0,0
843,Awakening Music,13500000,5545936485.0,Awakening Music,814,United Kingdom,GB,Music,1183.0,30.0,140.0,35309000.0,8800.0,141200.0,105900.0,1700000.0,100000.0,2006,Dec,25.0,60.0,66834405.0,3.85,55908316.0,55.378051,-3.435973,2006-01-01,19.27173169062286,0,0,0,0,0,0,0,0,1,0,0,0,0,0,0
844,Lady Diana,13500000,8265920659.0,Lady Diana,1403,Ukraine,UA,People,620.0,4.0,52.0,75162000.0,18800.0,300600.0,225500.0,3600000.0,100000.0,2016,Mar,21.0,82.7,44385155.0,8.88,30835699.0,48.379433,31.16558,2016-01-01,9.273100616016427,0,0,0,1,0,0,0,0,0,0,0,0,0,0,0
847,Vijay Kumar Viner Vlogs,13500000,7958771872.0,Vijay Kumar Viner Vlogs,1357,India,IN,Entertainment,663.0,116.0,162.0,109813000.0,27500.0,439300.0,329400.0,5300000.0,300000.0,2019,Mar,22.0,28.1,1366417754.0,5.36,471031528.0,20.593684,78.96288,2019-01-01,6.272416153319644,0,0,0,1,0,0,0,0,0,0,0,0,0,0,0
849,Wengie,13500000,1900272833.0,Wengie,462,United States,US,Howto,5297.0,165.0,30.0,1335000.0,334.0,5300.0,4000.0,64100.0,100000.0,2010,Sep,9.0,88.2,328239523.0,14.7,270663028.0,37.09024,-95.712891,2010-01-01,15.271731690622861,0,0,0,0,0,0,1,0,0,0,0,0,0,0,0
861,Trakin Tech,13300000,2262690743.0,Trakin Tech,3640,India,IN,Tech,4152.0,116.0,16.0,43669000.0,10900.0,174700.0,131000.0,2100000.0,100000.0,2011,Nov,2.0,28.1,1366417754.0,5.36,471031528.0,20.593684,78.96288,2011-01-01,14.272416153319645,0,0,0,0,0,0,0,0,0,0,0,0,1,0,0
866,Vogue,13300000,4177184071.0,Vogue,3166,United States,US,People,1789.0,167.0,54.0,45095000.0,11300.0,180400.0,135300.0,2200000.0,100000.0,2008,Jun,29.0,88.2,328239523.0,14.7,270663028.0,37.09024,-95.712891,2008-01-01,17.27310061601643,0,0,0,1,0,0,0,0,0,0,0,0,0,0,0
867,ýýýýýýýýýýýýýýýýýý,13300000,6482687220.0,ýýýýýýýýýýýýýýýýýý,608,Russia,RU,Entertainment,927.0,13.0,163.0,90241000.0,22600.0,361000.0,270700.0,4300000.0,100000.0,2015,Oct,4.0,81.9,144373535.0,4.59,107683889.0,61.52401,105.318756,2015-01-01,10.272416153319645,0,0,0,0,0,0,0,0,0,0,1,0,0,0,0
868,Kids Lineï¿½ï¿½ï¿½ï¿½ï¿½ï¿½ï¿½,13300000,9088562002.0,Kids Lineï¿½ï¿½ï¿½ï¿½ï¿½ï¿½ï¿½,2742,United States,US,Education,524.0,166.0,41.0,161889000.0,40500.0,647600.0,485700.0,7800000.0,100000.0,2011,Nov,26.0,88.2,328239523.0,14.7,270663028.0,37.09024,-95.712891,2011-01-01,14.272416153319645,0,0,0,0,0,0,0,0,0,0,1,0,0,0,0
870,penguinz0,13300000,7773543609.0,penguinz0,4613,United States,US,Entertainment,689.0,166.0,162.0,188948000.0,47200.0,755800.0,566800.0,9100000.0,200000.0,2007,May,7.0,88.2,328239523.0,14.7,270663028.0,37.09024,-95.712891,2007-01-01,18.272416153319643,0,0,0,0,0,1,0,0,0,0,0,0,0,0,0
873,BanderitaX,13300000,4129249415.0,BanderitaX,1640,Saudi Arabia,SA,Games,1818.0,7.0,63.0,70712000.0,17700.0,282800.0,212100.0,3400000.0,200000.0,2013,Aug,20.0,68.0,34268528.0,5.93,28807838.0,23.885942,45.079162,2013-01-01,12.271047227926077,0,0,0,0,0,1,0,0,0,0,0,0,0,0,0
874,AzzyLand,13300000,6412313570.0,AzzyLand,1749,Canada,CA,Entertainment,949.0,12.0,163.0,5387000.0,1300.0,21500.0,16200.0,258600.0,100000.0,2015,May,8.0,68.9,36991981.0,5.56,30628482.0,56.130366,-106.346771,2015-01-01,10.272416153319645,0,0,0,0,0,1,0,0,0,0,0,0,0,0,0
876,BIBO ï¿½ï¿½ï¿½ï¿½ï¿½ï¿,13200000,1148422000.0,BIBO ï¿½ï¿½ï¿½ï¿½ï¿½ï¿,192,Russia,RU,Entertainment,9855.0,13.0,163.0,8769000.0,2200.0,35100.0,26300.0,420900.0,200000.0,2019,Jan,10.0,81.9,144373535.0,4.59,107683889.0,61.52401,105.318756,2019-01-01,6.272416153319644,0,0,0,1,0,0,0,0,0,0,0,0,0,0,0
881,MC Divertida,13200000,5224764969.0,MC Divertida,413,Brazil,BR,Entertainment,1269.0,49.0,164.0,64517000.0,16100.0,258100.0,193600.0,3100000.0,100000.0,2018,Jan,17.0,51.3,212559417.0,12.08,183241641.0,-14.235004,-51.92528,2018-01-01,7.271731690622861,0,0,0,1,0,0,0,0,0,0,0,0,0,0,0
882,The Infographics Show,13200000,5263540904.0,The Infographics Show,4279,United States,US,Education,1252.0,168.0,42.0,51820000.0,13000.0,207300.0,155500.0,2500000.0,100000.0,2011,Feb,26.0,88.2,328239523.0,14.7,270663028.0,37.09024,-95.712891,2011-01-01,14.272416153319645,0,0,1,0,0,0,0,0,0,0,0,0,0,0,0
885,Technology Gyan,13200000,1138262456.0,Technology Gyan,1022,India,IN,Tech,9955.0,118.0,17.0,18518000.0,4600.0,74100.0,55600.0,888900.0,100000.0,2015,Nov,17.0,28.1,1366417754.0,5.36,471031528.0,20.593684,78.96288,2015-01-01,10.272416153319645,0,0,0,0,0,0,0,0,0,0,0,0,1,0,0
891,Lokdhun Punjabi,13100000,4712624489.0,Lokdhun Punjabi,1262,India,IN,Music,1484.0,119.0,143.0,34438000.0,8600.0,137800.0,103300.0,1700000.0,100000.0,2010,Dec,27.0,28.1,1366417754.0,5.36,471031528.0,20.593684,78.96288,2010-01-01,15.271731690622861,0,0,0,0,0,0,0,0,1,0,0,0,0,0,0
893,Painzeiro,13100000,2555801802.0,Painzeiro,1077,Brazil,BR,People,3545.0,50.0,56.0,43990000.0,11000.0,176000.0,132000.0,2100000.0,100000.0,2015,Nov,6.0,51.3,212559417.0,12.08,183241641.0,-14.235004,-51.92528,2015-01-01,10.272416153319645,0,0,0,0,0,0,0,0,0,0,1,0,0,0,0
894,Peppa Pig em Portuguï¿½ï¿½ï¿½ï¿½ï¿½ï¿½ï¿½ï¿½ï¿,13100000,4214172991.0,Peppa Pig em Portuguï¿½ï¿½ï¿½ï¿½ï¿½ï¿½ï¿½ï¿½ï¿½,1365,Brazil,BR,Film,1770.0,49.0,43.0,27340000.0,6800.0,109400.0,82000.0,1300000.0,100000.0,2014,May,6.0,51.3,212559417.0,12.08,183241641.0,-14.235004,-51.92528,2014-01-01,11.271731690622861,0,0,0,0,1,0,0,0,0,0,0,0,0,0,0
895,ýýýýýýýýýýýýýýý Ms Yeah,13100000,4399833602.0,ýýýýýýýýýýýýýýý Ms Yeah,435,United States,US,Howto,1650.0,169.0,34.0,60661000.0,15200.0,242600.0,182000.0,2900000.0,100000.0,2017,Feb,15.0,88.2,328239523.0,14.7,270663028.0,37.09024,-95.712891,2017-01-01,8.271047227926077,0,0,0,0,0,0,0,0,0,0,1,0,0,0,0
897,RaptorGamer,13100000,2879263916.0,RaptorGamer,1444,Ecuador,EC,Games,3044.0,2.0,65.0,62909000.0,15700.0,251600.0,188700.0,3000000.0,300000.0,2016,Jul,16.0,44.9,17373662.0,3.97,11116711.0,-1.831239,-78.183406,2016-01-01,9.273100616016427,0,0,0,0,0,0,0,0,0,0,1,0,0,0,0
901,Davie504,13000000,2683297849.0,Davie504,838,Italy,IT,Entertainment,3340.0,2.0,166.0,29870000.0,7500.0,119500.0,89600.0,1400000.0,100000.0,2011,May,18.0,61.9,60297396.0,9.89,42651966.0,41.87194,12.56738,2011-01-01,14.272416153319645,0,0,0,1,0,0,0,0,0,0,0,0,0,0,0
904,Lofi Girl,13000000,1698279553.0,Lofi Girl,409,France,FR,Music,6059.0,3.0,143.0,30471000.0,7600.0,121900.0,91400.0,1500000.0,100000.0,2015,Mar,18.0,65.6,67059887.0,8.43,54123364.0,46.227638,2.213749,2015-01-01,10.272416153319645,0,0,0,0,0,0,0,0,1,0,0,0,0,0,0
912,Pastor Antï¿½ï¿½ï¿½ï¿½ï,12900000,2112274210.0,Pastor Antï¿½ï¿½ï¿½ï¿½ï,4712,Brazil,BR,People,4602.0,52.0,58.0,31796000.0,7900.0,127200.0,95400.0,1500000.0,100000.0,2013,Jan,19.0,51.3,212559417.0,12.08,183241641.0,-14.235004,-51.92528,2013-01-01,12.271047227926077,0,0,0,0,0,0,0,0,0,0,1,0,0,0,0
914,gymvirtual,12900000,2509752944.0,gymvirtual,1572,Spain,ES,Sports,3645.0,17.0,12.0,11993000.0,3000.0,48000.0,36000.0,575700.0,100000.0,2010,Nov,1.0,88.9,47076781.0,13.96,37927409.0,40.463667,-3.74922,2010-01-01,15.271731690622861,0,0,0,0,0,0,0,0,0,0,0,0,0,0,1
916,Top Viral Talent,12900000,3643698504.0,Top Viral Talent,1598,United States,US,Entertainment,2177.0,171.0,167.0,29379000.0,7300.0,117500.0,88100.0,1400000.0,100000.0,2014,Jan,2.0,88.2,328239523.0,14.7,270663028.0,37.09024,-95.712891,2014-01-01,11.271731690622861,0,0,0,1,0,0,0,0,0,0,0,0,0,0,0
917,Akon,12900000,6300933122.0,Akon,39,United States,US,Music,976.0,171.0,145.0,91240000.0,22800.0,365000.0,273700.0,4400000.0,100000.0,2005,Nov,5.0,88.2,328239523.0,14.7,270663028.0,37.09024,-95.712891,2005-01-01,20.27104722792608,0,0,0,0,0,0,0,0,1,0,0,0,0,0,0
920,EnriqueIglesiasVEVO,12900000,15446707595.0,EnriqueIglesiasVEVO,137,United States,US,Music,210.0,171.0,145.0,75773000.0,18900.0,303100.0,227300.0,3600000.0,100000.0,2009,May,12.0,88.2,328239523.0,14.7,270663028.0,37.09024,-95.712891,2009-01-01,16.27104722792608,0,0,0,0,0,0,0,0,1,0,0,0,0,0,0
921,ýýýýýýýý ýýýý ýýýýýýýýýýýýýý,12900000,5585085130.0,ýýýýýýýý ýýýý ýýýýýýýýýýýýýý,1255,Ukraine,UA,Entertainment,1164.0,6.0,166.0,71118000.0,17800.0,284500.0,213400.0,3400000.0,200000.0,2014,Jul,17.0,82.7,44385155.0,8.88,30835699.0,48.379433,31.16558,2014-01-01,11.271731690622861,0,0,0,0,0,0,0,0,0,0,0,0,0,1,0
925,Duo Tiempo De Sol,12800000,6662288136.0,Duo Tiempo De Sol,323,Spain,ES,Education,896.0,17.0,44.0,53988000.0,13500.0,216000.0,162000.0,2600000.0,100000.0,2013,Mar,26.0,88.9,47076781.0,13.96,37927409.0,40.463667,-3.74922,2013-01-01,12.271047227926077,0,0,0,0,0,0,0,0,1,0,0,0,0,0,0
929,Right to Shiksha,12800000,7876740921.0,Right to Shiksha,2044,India,IN,Education,670.0,120.0,45.0,213738000.0,53400.0,855000.0,641200.0,10300000.0,300000.0,2020,Apr,23.0,28.1,1366417754.0,5.36,471031528.0,20.593684,78.96288,2020-01-01,5.2731006160164275,0,0,1,0,0,0,0,0,0,0,0,0,0,0,0
933,Franco Escamilla,12700000,4266957149.0,Franco Escamilla,2483,Mexico,MX,Comedy,1740.0,32.0,41.0,77482000.0,19400.0,309900.0,232400.0,3700000.0,100000.0,2007,Oct,19.0,40.2,126014024.0,3.42,102626859.0,23.634501,-102.552784,2007-01-01,18.272416153319643,0,1,0,0,0,0,0,0,0,0,0,0,0,0,0
938,YoungBoy Never Broke Again,12700000,13174393401.0,YoungBoy Never Broke Again,142,United States,US,Music,279.0,173.0,147.0,169968000.0,42500.0,679900.0,509900.0,8200000.0,100000.0,2015,Jan,4.0,88.2,328239523.0,14.7,270663028.0,37.09024,-95.712891,2015-01-01,10.272416153319645,0,0,0,1,0,0,0,0,0,0,0,0,0,0,0
939,Blossom,12700000,4733873025.0,Blossom,812,United States,US,Howto,1472.0,173.0,36.0,43868000.0,11000.0,175500.0,131600.0,2100000.0,100000.0,2017,Jun,1.0,88.2,328239523.0,14.7,270663028.0,37.09024,-95.712891,2017-01-01,8.271047227926077,0,0,0,0,0,0,1,0,0,0,0,0,0,0,0
944,Morgz,12600000,3303595310.0,Morgz,825,United Kingdom,GB,Entertainment,2491.0,32.0,170.0,58838000.0,14700.0,235400.0,176500.0,2800000.0,100000.0,2014,Jun,10.0,60.0,66834405.0,3.85,55908316.0,55.378051,-3.435973,2014-01-01,11.271731690622861,0,0,0,0,0,1,0,0,0,0,0,0,0,0,0
945,CaseyNeistat,12600000,3152402405.0,CaseyNeistat,1101,United States,US,People,2681.0,174.0,61.0,5952000.0,1500.0,23800.0,17900.0,285700.0,100000.0,2010,Feb,15.0,88.2,328239523.0,14.7,270663028.0,37.09024,-95.712891,2010-01-01,15.271731690622861,0,0,0,0,0,0,0,0,0,0,1,0,0,0,0
946,ýýýýýýýýýSULGI,12600000,3485373675.0,ýýýýýýýýýSULGI,683,South Korea,KR,People,2313.0,17.0,61.0,113132000.0,28300.0,452500.0,339400.0,5400000.0,300000.0,2012,Nov,5.0,94.3,51709098.0,4.15,42106719.0,35.907757,127.766922,2012-01-01,13.273100616016427,0,0,0,0,0,0,0,0,0,0,1,0,0,0,0
956,First We Feast,12500000,2983799729.0,First We Feast,1076,United States,US,Entertainment,2892.0,175.0,171.0,111252000.0,27800.0,445000.0,333800.0,5300000.0,200000.0,2014,Feb,28.0,88.2,328239523.0,14.7,270663028.0,37.09024,-95.712891,2014-01-01,11.271731690622861,0,0,0,0,0,0,1,0,0,0,0,0,0,0,0
962,elcarteldesantatv,12500000,7489455451.0,elcarteldesantatv,377,Mexico,MX,Entertainment,743.0,33.0,171.0,115881000.0,29000.0,463500.0,347600.0,5600000.0,100000.0,2008,Nov,27.0,40.2,126014024.0,3.42,102626859.0,23.634501,-102.552784,2008-01-01,17.27310061601643,0,0,0,0,0,0,0,0,1,0,0,0,0,0,0
966,Mundo Bita,12500000,16690788752.0,Mundo Bita,253,Brazil,BR,Music,171.0,54.0,149.0,213700000.0,53400.0,854800.0,641100.0,10300000.0,100000.0,2011,Sep,29.0,51.3,212559417.0,12.08,183241641.0,-14.235004,-51.92528,2011-01-01,14.272416153319645,0,0,0,0,0,0,0,0,1,0,0,0,0,0,0
978,Timba Vk,12400000,2840137980.0,Timba Vk,1024,Spain,ES,Games,3116.0,19.0,68.0,24022000.0,6000.0,96100.0,72100.0,1200000.0,100000.0,2012,Jun,16.0,88.9,47076781.0,13.96,37927409.0,40.463667,-3.74922,2012-01-01,13.273100616016427,0,0,0,0,0,1,0,0,0,0,0,0,0,0,0
981,Zee Kids,12400000,7683670251.0,Zee Kids,1212,India,IN,Entertainment,709.0,124.0,172.0,95163000.0,23800.0,380700.0,285500.0,4600000.0,100000.0,2012,Jul,6.0,28.1,1366417754.0,5.36,471031528.0,20.593684,78.96288,2012-01-01,13.273100616016427,0,0,0,0,1,0,0,0,0,0,0,0,0,0,0
985,bharatzkitchen HINDI,12400000,2315226648.0,bharatzkitchen HINDI,729,India,IN,Howto,4042.0,124.0,38.0,30968000.0,7700.0,123900.0,92900.0,1500000.0,100000.0,2016,Aug,10.0,28.1,1366417754.0,5.36,471031528.0,20.593684,78.96288,2016-01-01,9.273100616016427,0,0,0,0,0,0,1,0,0,0,0,0,0,0,0
990,Migos ATL,12400000,6993406259.0,Migos ATL,99,United States,US,Entertainment,833.0,175.0,171.0,49412000.0,12400.0,197600.0,148200.0,2400000.0,100000.0,2012,Jan,17.0,88.2,328239523.0,14.7,270663028.0,37.09024,-95.712891,2012-01-01,13.273100616016427,0,0,0,0,0,0,0,0,1,0,0,0,0,0,0
992,Free Fire India Official,12300000,1674409945.0,Free Fire India Official,1500,India,IN,Games,6141.0,125.0,69.0,64735000.0,16200.0,258900.0,194200.0,3100000.0,300000.0,2018,Sep,14.0,28.1,1366417754.0,5.36,471031528.0,20.593684,78.96288,2018-01-01,7.271731690622861,0,0,0,0,0,0,0,0,0,0,1,0,0,0,0
995,Make Joke Of,12300000,2129773714.0,Make Joke Of,62,India,IN,Comedy,4568.0,125.0,44.0,24000000.0,6000.0,96000.0,72000.0,1200000.0,100000.0,2017,Aug,1.0,28.1,1366417754.0,5.36,471031528.0,20.593684,78.96288,2017-01-01,8.271047227926077,0,1,0,0,0,0,0,0,0,0,0,0,0,0,0
